id,name,hp,types,abilities,weaknesses,resistances,convertedRetreatCost,artist,rarity,flavorText,images
dp3-1,Ampharos,130,['Lightning'],"[{'name': 'Jamming', 'text': ""After your opponent plays a Supporter card from his or her hand, put 1 damage counter on each of your opponent's Pokémon. You can't use more than 1 Jamming Poké-Body each turn."", 'type': 'Poké-Body'}]","[{'type': 'Fighting', 'value': '+30'}]","[{'type': 'Metal', 'value': '-20'}]",3,Kouki Saitou,Rare Holo,"The tip of its tail shines brightly. In the olden days, people sent signals using the tail's light.","{'small': 'https://images.pokemontcg.io/dp3/1.png', 'large': 'https://images.pokemontcg.io/dp3/1_hires.png'}"
ex12-1,Aerodactyl,70,['Colorless'],"[{'name': 'Reactive Protection', 'text': ""Any damage done to Aerodactyl by attacks from your opponent's Pokémon is reduced by 10 for each React Energy card attached to Aerodactyl (after applying Weakness and Resistance)."", 'type': 'Poké-Body'}]","[{'type': 'Lightning', 'value': '×2'}]","[{'type': 'Fighting', 'value': '-30'}]",,Hajime Kusajima,Rare Holo,,"{'small': 'https://images.pokemontcg.io/ex12/1.png', 'large': 'https://images.pokemontcg.io/ex12/1_hires.png'}"
ex7-1,Azumarill,80,['Water'],"[{'name': 'Froth', 'text': 'Once during your turn, when you play Azumarill from your hand to evolve 1 of your Active Pokémon, you may use this power. Each Defending Pokémon is now Paralyzed.', 'type': 'Poké-Power'}]","[{'type': 'Lightning', 'value': '×2'}]",,1,Sumiyoshi Kizuki,Rare Holo,,"{'small': 'https://images.pokemontcg.io/ex7/1.png', 'large': 'https://images.pokemontcg.io/ex7/1_hires.png'}"
sm9-1,Celebi & Venusaur-GX,270,['Grass'],,"[{'type': 'Fire', 'value': '×2'}]",,4,Mitsuhiro Arita,Rare Holo GX,,"{'small': 'https://images.pokemontcg.io/sm9/1.png', 'large': 'https://images.pokemontcg.io/sm9/1_hires.png'}"
pl1-2,Blastoise,130,['Water'],"[{'name': 'Dig Well', 'text': ""Once during your turn (before your attack), you may look at the top 3 cards of your deck, choose as many Water Energy cards as you like, and attach them to your Pokémon in any way you like. Discard the other cards. This power can't be used if Blastoise is affected by a Special Condition."", 'type': 'Poké-Power'}]","[{'type': 'Lightning', 'value': '+30'}]",,2,Kagemaru Himeno,Rare Holo,,"{'small': 'https://images.pokemontcg.io/pl1/2.png', 'large': 'https://images.pokemontcg.io/pl1/2_hires.png'}"
ex3-2,Altaria,80,['Colorless'],,"[{'type': 'Colorless', 'value': '×2'}]","[{'type': 'Grass', 'value': '-30'}, {'type': 'Fighting', 'value': '-30'}]",1,Atsuko Nishida,Rare Holo,,"{'small': 'https://images.pokemontcg.io/ex3/2.png', 'large': 'https://images.pokemontcg.io/ex3/2_hires.png'}"
sm9-2,Weedle,40,['Grass'],,"[{'type': 'Fire', 'value': '×2'}]",,1,Shibuzoh.,Common,"Often found in forests and grasslands. It has a sharp, toxic barb of around two inches on top of its head.","{'small': 'https://images.pokemontcg.io/sm9/2.png', 'large': 'https://images.pokemontcg.io/sm9/2_hires.png'}"
xy5-2,Kakuna,80,['Grass'],,"[{'type': 'Fire', 'value': '×2'}]",,3,Kagemaru Himeno,Uncommon,"While awaiting evolution, it hides from predators under leaves and in nooks of branches.","{'small': 'https://images.pokemontcg.io/xy5/2.png', 'large': 'https://images.pokemontcg.io/xy5/2_hires.png'}"
sm12-1,Venusaur & Snivy-GX,270,['Grass'],"[{'name': 'Shining Vine', 'text': ""Once during your turn, if this Pokémon is your Active Pokémon, when you attach a Grass Energy card from your hand to it, you may switch 1 of your opponent's Benched Pokémon with their Active Pokémon."", 'type': 'Ability'}]","[{'type': 'Fire', 'value': '×2'}]",,3,Mitsuhiro Arita,Rare Holo GX,,"{'small': 'https://images.pokemontcg.io/sm12/1.png', 'large': 'https://images.pokemontcg.io/sm12/1_hires.png'}"
sm3-1,Caterpie,50,['Grass'],,"[{'type': 'Fire', 'value': '×2'}]",,1,Sekio,Common,"When attacked by bird Pokémon, it resists by releasing a terrifically strong odor from its antennae, but it often becomes their prey.","{'small': 'https://images.pokemontcg.io/sm3/1.png', 'large': 'https://images.pokemontcg.io/sm3/1_hires.png'}"
pop7-1,Ampharos,130,['Lightning'],"[{'name': 'Jamming', 'text': ""After your opponent plays a Supporter card from his or her hand, put 1 damage counter on each of your opponent's Pokémon. You can't use more than 1 Jamming Poké-Body each turn."", 'type': 'Poké-Body'}]","[{'type': 'Fighting', 'value': '+30'}]","[{'type': 'Metal', 'value': '-20'}]",3,Kouki Saitou,Rare,"The tip of its tail shines brightly. In the olden days, people sent signals using the tail's light.","{'small': 'https://images.pokemontcg.io/pop7/1.png', 'large': 'https://images.pokemontcg.io/pop7/1_hires.png'}"
bw1-2,Snivy,60,['Grass'],,"[{'type': 'Fire', 'value': '×2'}]","[{'type': 'Water', 'value': '-20'}]",1,5ban Graphics,Common,"They photosynthesize by bathing their tails in sunlight. When they are not feeling well, their tails droop.","{'small': 'https://images.pokemontcg.io/bw1/2.png', 'large': 'https://images.pokemontcg.io/bw1/2_hires.png'}"
base4-3,Chansey,120,['Colorless'],,"[{'type': 'Fighting', 'value': '×2'}]","[{'type': 'Psychic', 'value': '-30'}]",1,Ken Sugimori,Rare Holo,A rare and elusive Pokémon that is said to bring happiness to those who manage to catch it.,"{'small': 'https://images.pokemontcg.io/base4/3.png', 'large': 'https://images.pokemontcg.io/base4/3_hires.png'}"
hgss4-3,Celebi,70,['Psychic'],,"[{'type': 'Psychic', 'value': '×2'}]",,1,Shin Nagasawa,Rare Holo,This Pokémon wanders across time. Grass and trees flourish in the forests in which it has appeared.,"{'small': 'https://images.pokemontcg.io/hgss4/3.png', 'large': 'https://images.pokemontcg.io/hgss4/3_hires.png'}"
ex7-3,Dark Crobat,90,['Grass'],"[{'name': 'Black Beam', 'text': ""Once during your turn (before your attack), if Dark Crobat is your Active Pokémon, you may choose 1 of the Defending Pokémon. That Pokémon is now Poisoned. This power can't be used if Dark Crobat is affected by a Special Condition."", 'type': 'Poké-Power'}]","[{'type': 'Lightning', 'value': '×2'}]","[{'type': 'Fighting', 'value': '-30'}]",1,Kyoko Koizumi,Rare Holo,,"{'small': 'https://images.pokemontcg.io/ex7/3.png', 'large': 'https://images.pokemontcg.io/ex7/3_hires.png'}"
swsh35-2,Weedle,60,['Grass'],,"[{'type': 'Fire', 'value': '×2'}]",,1,Yuka Morii,Common,Its poison stinger is very powerful. Its bright-colored body is intended to warn off its enemies.,"{'small': 'https://images.pokemontcg.io/swsh35/2.png', 'large': 'https://images.pokemontcg.io/swsh35/2_hires.png'}"
xy2-3,Butterfree,130,['Grass'],,"[{'type': 'Lightning', 'value': '×2'}]","[{'type': 'Fighting', 'value': '-20'}]",1,sui,Rare,It loves the honey of flowers and can locate flower patches that have even tiny amounts of pollen.,"{'small': 'https://images.pokemontcg.io/xy2/3.png', 'large': 'https://images.pokemontcg.io/xy2/3_hires.png'}"
sm9-3,Weedle,50,['Grass'],,"[{'type': 'Fire', 'value': '×2'}]",,1,SATOSHI NAKAI,Common,"Often found in forests and grasslands. It has a sharp, toxic barb of around two inches on top of its head.","{'small': 'https://images.pokemontcg.io/sm9/3.png', 'large': 'https://images.pokemontcg.io/sm9/3_hires.png'}"
sm1-2,Metapod,80,['Grass'],,"[{'type': 'Fire', 'value': '×2'}]",,3,Yuka Morii,Uncommon,Its shell is filled with its soft innards. It doesn't move much because of the risk it might carelessly spill its innards out.,"{'small': 'https://images.pokemontcg.io/sm1/2.png', 'large': 'https://images.pokemontcg.io/sm1/2_hires.png'}"
dp3-3,Charizard,130,['Fire'],"[{'name': 'Fury Blaze', 'text': ""If your opponent has 3 or less Prize cards left, each of Charizard's attacks does 50 more damage to the Active Pokémon (before applying Weakness and Resistance)."", 'type': 'Poké-Body'}]","[{'type': 'Water', 'value': '+40'}]","[{'type': 'Fighting', 'value': '-20'}]",3,Daisuke Ito,Rare Holo,It is said that CHARIZARD's fire burns hotter if it has experienced harsh battles.,"{'small': 'https://images.pokemontcg.io/dp3/3.png', 'large': 'https://images.pokemontcg.io/dp3/3_hires.png'}"
base1-1,Alakazam,80,['Psychic'],"[{'name': 'Damage Swap', 'text': ""As often as you like during your turn (before your attack), you may move 1 damage counter from 1 of your Pokémon to another as long as you don't Knock Out that Pokémon. This power can't be used if Alakazam is Asleep, Confused, or Paralyzed."", 'type': 'Pokémon Power'}]","[{'type': 'Psychic', 'value': '×2'}]",,3,Ken Sugimori,Rare Holo,Its brain can outperform a supercomputer. Its intelligence quotient is said to be 5000.,"{'small': 'https://images.pokemontcg.io/base1/1.png', 'large': 'https://images.pokemontcg.io/base1/1_hires.png'}"
ex8-1,Altaria,70,['Colorless'],"[{'name': 'Safeguard', 'text': ""Prevent all effects of attacks, including damage, done to Altaria by your opponent's Pokémon-ex."", 'type': 'Poké-Body'}]","[{'type': 'Lightning', 'value': '×2'}]","[{'type': 'Fighting', 'value': '-30'}]",1,Kyoko Umemoto,Rare Holo,,"{'small': 'https://images.pokemontcg.io/ex8/1.png', 'large': 'https://images.pokemontcg.io/ex8/1_hires.png'}"
pop5-1,Ho-Oh,80,['Fire'],,"[{'type': 'Water', 'value': '×2'}]",,2,Mitsuhiro Arita,Rare,,"{'small': 'https://images.pokemontcg.io/pop5/1.png', 'large': 'https://images.pokemontcg.io/pop5/1_hires.png'}"
xy10-1,Shuckle,80,['Grass'],,"[{'type': 'Fire', 'value': '×2'}]",,1,sui,Uncommon,"It stores Berries inside its shell. To avoid attacks, it hides beneath rocks and remains completely still.","{'small': 'https://images.pokemontcg.io/xy10/1.png', 'large': 'https://images.pokemontcg.io/xy10/1_hires.png'}"
ecard2-H1,Ampharos,100,['Lightning'],,"[{'type': 'Fighting', 'value': '×2'}]",,2,Shin-ichi Yoshida,Rare Holo,,"{'small': 'https://images.pokemontcg.io/ecard2/H1.png', 'large': 'https://images.pokemontcg.io/ecard2/H1_hires.png'}"
base4-1,Alakazam,80,['Psychic'],"[{'name': 'Damage Swap', 'text': ""As often as you like during your turn (before your attack), you may move 1 damage counter from 1 of your Pokémon to another as long as you don't Knock Out that Pokémon. This power can't be used if Alakazam is Asleep, Confused, or Paralyzed."", 'type': 'Pokémon Power'}]","[{'type': 'Psychic', 'value': '×2'}]",,3,Ken Sugimori,Rare Holo,Its brain can outperform a supercomputer. Its intelligence quotient is said to be 5000.,"{'small': 'https://images.pokemontcg.io/base4/1.png', 'large': 'https://images.pokemontcg.io/base4/1_hires.png'}"
ex11-1,Beedrill δ,90,"['Grass', 'Metal']","[{'name': 'Final Sting', 'text': ""Once during your turn (before your attack), you may Knock Out Beedrill. If you do, choose 1 of your opponent's Defending Pokémon. That Pokémon is now Paralyzed and Poisoned. Put 2 damage counters instead of 1 on that Pokémon between turns. This power can't be used if Beedrill is affected by a Special Condition."", 'type': 'Poké-Power'}]","[{'type': 'Fire', 'value': '×2'}]",,,Masakazu Fukuda,Rare Holo,,"{'small': 'https://images.pokemontcg.io/ex11/1.png', 'large': 'https://images.pokemontcg.io/ex11/1_hires.png'}"
gym1-2,Brock's Rhydon,80,['Fighting'],"[{'name': 'Bench Guard', 'text': ""As long as Brock's Rhydon is Benched, whenever 1 of your Benched Pokémon is damaged, you may do 10 of that damage to Brock's Rhydon instead. (If more than 1 of your Benched Pokémon is damaged at the same time, you may use this power once for each of them.)"", 'type': 'Pokémon Power'}]","[{'type': 'Grass', 'value': '×2'}]","[{'type': 'Lightning', 'value': '-30'}]",3,Ken Sugimori,Rare Holo,,"{'small': 'https://images.pokemontcg.io/gym1/2.png', 'large': 'https://images.pokemontcg.io/gym1/2_hires.png'}"
ex14-1,Banette,70,['Psychic'],"[{'name': 'Safeguard', 'text': ""Prevent all effects of attacks, including damage, done to Banette by your opponent's Pokémon-ex."", 'type': 'Poké-Body'}]","[{'type': 'Darkness', 'value': '×2'}]","[{'type': 'Fighting', 'value': '-30'}]",1,Kyoko Umemoto,Rare Holo,,"{'small': 'https://images.pokemontcg.io/ex14/1.png', 'large': 'https://images.pokemontcg.io/ex14/1_hires.png'}"
sm115-1,Caterpie,60,['Grass'],,"[{'type': 'Fire', 'value': '×2'}]",,1,tetsuya koizumi,Common,"Perhaps because it would like to grow up quickly, it has a voracious appetite, eating a hundred leaves a day.","{'small': 'https://images.pokemontcg.io/sm115/1.png', 'large': 'https://images.pokemontcg.io/sm115/1_hires.png'}"
col1-1,Clefable,80,['Colorless'],,"[{'type': 'Fighting', 'value': '×2'}]",,1,sui,Rare Holo,"With its acute hearing, it can pick up sounds from far away. It usually hides in quiet places.","{'small': 'https://images.pokemontcg.io/col1/1.png', 'large': 'https://images.pokemontcg.io/col1/1_hires.png'}"
ex9-1,Blaziken,110,['Fire'],"[{'name': 'Blaze', 'text': ""As long as Blaziken's remaining HP is 40 or less, Blaziken does 40 more damage to the Defending Pokémon (before applying Weakness and Resistance)."", 'type': 'Poké-Body'}]","[{'type': 'Water', 'value': '×2'}]",,2,Midori Harada,Rare Holo,,"{'small': 'https://images.pokemontcg.io/ex9/1.png', 'large': 'https://images.pokemontcg.io/ex9/1_hires.png'}"
bw10-1,Surskit,50,['Grass'],,"[{'type': 'Fire', 'value': '×2'}]",,1,Naoyo Kimura,Common,It appears as if it is skating on water. It draws prey with a sweet scent from the tip of its head.,"{'small': 'https://images.pokemontcg.io/bw10/1.png', 'large': 'https://images.pokemontcg.io/bw10/1_hires.png'}"
ex9-2,Deoxys,70,['Psychic'],"[{'name': 'Form Change', 'text': ""Once during your turn (before your attack), you may search your deck for another Deoxys and switch it with Deoxys. (Any cards attached to Deoxys, damage counters, Special Conditions, and effects on it are now on the new Pokémon.) If you do, put Deoxys on top of your deck. Shuffle your deck afterward. You can't use more than 1 Form Change Poké-Power each turn."", 'type': 'Poké-Power'}]","[{'type': 'Psychic', 'value': '×2'}]",,1,Hironobu Yoshida,Rare Holo,,"{'small': 'https://images.pokemontcg.io/ex9/2.png', 'large': 'https://images.pokemontcg.io/ex9/2_hires.png'}"
xy5-3,Beedrill,120,['Grass'],,"[{'type': 'Fire', 'value': '×2'}]",,,Kouki Saitou,Rare,"May appear in a swarm. Flies at violent speeds, all the while stabbing with the toxic stinger on its rear.","{'small': 'https://images.pokemontcg.io/xy5/3.png', 'large': 'https://images.pokemontcg.io/xy5/3_hires.png'}"
pl3-3,Drifblim FB,80,['Psychic'],"[{'name': 'Pump Up', 'text': 'If your opponent has 3 or less Prize cards left, Drifblim FB gets +40 HP.', 'type': 'Poké-Body'}]","[{'type': 'Darkness', 'value': '×2'}]","[{'type': 'Colorless', 'value': '-20'}]",2,Lee HyunJung,Rare Holo,,"{'small': 'https://images.pokemontcg.io/pl3/3.png', 'large': 'https://images.pokemontcg.io/pl3/3_hires.png'}"
xy7-2,Gloom,80,['Grass'],,"[{'type': 'Fire', 'value': '×2'}]",,1,Masakazu Fukuda,Uncommon,"The honey it drools from its mouth smells so atrocious, it can curl noses more than a mile away.","{'small': 'https://images.pokemontcg.io/xy7/2.png', 'large': 'https://images.pokemontcg.io/xy7/2_hires.png'}"
bw10-2,Masquerain,80,['Grass'],"[{'name': 'Tool Reversal', 'text': 'As often as you like during your turn (before your attack), you may put a Pokémon Tool card attached to 1 of your Pokémon into your hand.', 'type': 'Ability'}]","[{'type': 'Fire', 'value': '×2'}]",,1,5ban Graphics,Rare,Its antennae have eye patterns on them. Its four wings enable it to hover and fly in any direction.,"{'small': 'https://images.pokemontcg.io/bw10/2.png', 'large': 'https://images.pokemontcg.io/bw10/2_hires.png'}"
ex12-3,Cradily,100,['Grass'],,"[{'type': 'Fire', 'value': '×2'}]",,2,Hajime Kusajima,Rare Holo,,"{'small': 'https://images.pokemontcg.io/ex12/3.png', 'large': 'https://images.pokemontcg.io/ex12/3_hires.png'}"
xy11-2,Tangrowth,130,['Grass'],,"[{'type': 'Fire', 'value': '×2'}]",,4,kirisAki,Uncommon,"Its vines grow so profusely that, in the warm season, you can't even see its eyes.","{'small': 'https://images.pokemontcg.io/xy11/2.png', 'large': 'https://images.pokemontcg.io/xy11/2_hires.png'}"
ex3-3,Crawdaunt,80,['Water'],"[{'name': 'Power Pinchers', 'text': 'As long as Crawdaunt is your Active Pokémon, when any of your Active Pokémon does damage to the Defending Pokémon, the attack does 10 more damage (before applying Weakness and Resistance).', 'type': 'Poké-Body'}]","[{'type': 'Lightning', 'value': '×2'}]",,2,Hisao Nakamura,Rare Holo,,"{'small': 'https://images.pokemontcg.io/ex3/3.png', 'large': 'https://images.pokemontcg.io/ex3/3_hires.png'}"
dv1-3,Dragonair,70,['Dragon'],,"[{'type': 'Dragon', 'value': '×2'}]",,2,Hajime Kusajima,Rare Holo,"If its body takes on an aura, the weather changes instantly. It is said to live in seas and lakes.","{'small': 'https://images.pokemontcg.io/dv1/3.png', 'large': 'https://images.pokemontcg.io/dv1/3_hires.png'}"
xy4-1,Venonat,60,['Grass'],,"[{'type': 'Fire', 'value': '×2'}]",,1,Sumiyoshi Kizuki,Common,"Its big eyes are actually clusters of tiny eyes. At night, its kind is drawn by light.","{'small': 'https://images.pokemontcg.io/xy4/1.png', 'large': 'https://images.pokemontcg.io/xy4/1_hires.png'}"
bw4-1,Pinsir,80,['Grass'],,"[{'type': 'Fire', 'value': '×2'}]",,2,Masakazu Fukuda,Rare,"It grips prey with its pincers until the prey is torn in half. What it can't tear, it tosses far.","{'small': 'https://images.pokemontcg.io/bw4/1.png', 'large': 'https://images.pokemontcg.io/bw4/1_hires.png'}"
bw7-1,Oddish,50,['Grass'],,"[{'type': 'Fire', 'value': '×2'}]","[{'type': 'Water', 'value': '-20'}]",1,Kanako Eo,Common,It often plants its root feet in the ground during the day and sows seeds as it walks about at night.,"{'small': 'https://images.pokemontcg.io/bw7/1.png', 'large': 'https://images.pokemontcg.io/bw7/1_hires.png'}"
sm5-1,Exeggcute,50,['Grass'],,"[{'type': 'Fire', 'value': '×2'}]",,1,kawayoo,Common,Its six eggs use telepathy to communicate among themselves. It is believed to carry plant genes and the genes of other species.,"{'small': 'https://images.pokemontcg.io/sm5/1.png', 'large': 'https://images.pokemontcg.io/sm5/1_hires.png'}"
sm8-1,Tangela,80,['Grass'],,"[{'type': 'Fire', 'value': '×2'}]",,2,Ken Sugimori,Common,It tangles any moving thing with its vines. Their subtle shaking is ticklish if you get ensnared.,"{'small': 'https://images.pokemontcg.io/sm8/1.png', 'large': 'https://images.pokemontcg.io/sm8/1_hires.png'}"
hgss4-1,Aggron,140,['Metal'],,"[{'type': 'Fire', 'value': '×2'}]","[{'type': 'Psychic', 'value': '-20'}]",4,Kagemaru Himeno,Rare Holo,You can tell its age by the length of its iron horns. It claims an entire mountain as its territory.,"{'small': 'https://images.pokemontcg.io/hgss4/1.png', 'large': 'https://images.pokemontcg.io/hgss4/1_hires.png'}"
xy5-1,Weedle,50,['Grass'],,"[{'type': 'Fire', 'value': '×2'}]",,1,Midori Harada,Common,Its poison stinger is very powerful. Its bright-colored body is intended to warn off its enemies.,"{'small': 'https://images.pokemontcg.io/xy5/1.png', 'large': 'https://images.pokemontcg.io/xy5/1_hires.png'}"
pl1-1,Ampharos,130,['Lightning'],"[{'name': 'Damage Bind', 'text': ""Each Pokémon that has any damage counters on it (both yours and your opponent's) can't use any Poké-Powers."", 'type': 'Poké-Body'}]","[{'type': 'Fighting', 'value': '+30'}]","[{'type': 'Metal', 'value': '-20'}]",2,Atsuko Nishida,Rare Holo,,"{'small': 'https://images.pokemontcg.io/pl1/1.png', 'large': 'https://images.pokemontcg.io/pl1/1_hires.png'}"
det1-1,Bulbasaur,60,['Grass'],,"[{'type': 'Fire', 'value': '×2'}]",,1,MPC Film,Common,A strange seed was planted on its back at birth. The plant sprouts and grows with this Pokémon.,"{'small': 'https://images.pokemontcg.io/det1/1.png', 'large': 'https://images.pokemontcg.io/det1/1_hires.png'}"
dv1-1,Dratini,40,['Dragon'],,"[{'type': 'Dragon', 'value': '×2'}]",,1,Masakazu Fukuda,Rare Holo,"It is called the ""Mirage Pokémon"" because so few have seen it. Its shed skin has been found.","{'small': 'https://images.pokemontcg.io/dv1/1.png', 'large': 'https://images.pokemontcg.io/dv1/1_hires.png'}"
pl3-1,Absol G,70,['Darkness'],,"[{'type': 'Fighting', 'value': '×2'}]","[{'type': 'Psychic', 'value': '-20'}]",1,Yusuke Ishikawa,Rare Holo,,"{'small': 'https://images.pokemontcg.io/pl3/1.png', 'large': 'https://images.pokemontcg.io/pl3/1_hires.png'}"
xy2-1,Caterpie,40,['Grass'],"[{'name': 'Adaptive Evolution', 'text': 'This Pokémon can evolve during your first turn or the turn you play it.', 'type': 'Ability'}]","[{'type': 'Fire', 'value': '×2'}]",,1,Sumiyoshi Kizuki,Common,"For protection, it releases a horrible stench from the antennae on its head to drive away enemies.","{'small': 'https://images.pokemontcg.io/xy2/1.png', 'large': 'https://images.pokemontcg.io/xy2/1_hires.png'}"
pop6-1,Bastiodon,130,['Metal'],"[{'name': 'Protective Wall', 'text': ""Prevent all damage done to your Benched Pokémon by your opponent's attacks."", 'type': 'Poké-Body'}]","[{'type': 'Fire', 'value': '+40'}]","[{'type': 'Psychic', 'value': '-20'}]",3,Kazuyuki Kano,Rare,Any frontal attack is repulsed. It is a docile Pokémon that feeds on grass and berries.,"{'small': 'https://images.pokemontcg.io/pop6/1.png', 'large': 'https://images.pokemontcg.io/pop6/1_hires.png'}"
ecard2-H2,Arcanine,90,['Fire'],"[{'name': 'Extreme Speed', 'text': 'You pay Colorless less to retreat Arcanine for each Energy attached to it.', 'type': 'Poké-Body'}]","[{'type': 'Water', 'value': '×2'}]",,3,Kyoko Umemoto,Rare Holo,,"{'small': 'https://images.pokemontcg.io/ecard2/H2.png', 'large': 'https://images.pokemontcg.io/ecard2/H2_hires.png'}"
hgss4-2,Altaria,90,['Colorless'],,"[{'type': 'Colorless', 'value': '×2'}]","[{'type': 'Fighting', 'value': '-20'}]",,Ryo Ueda,Rare Holo,It flies gracefully through the sky. Its melodic humming makes you feel like you're in a dream.,"{'small': 'https://images.pokemontcg.io/hgss4/2.png', 'large': 'https://images.pokemontcg.io/hgss4/2_hires.png'}"
pl3-2,Blaziken FB,80,['Fire'],,"[{'type': 'Water', 'value': '×2'}]",,1,Motofumi Fujiwara,Rare Holo,,"{'small': 'https://images.pokemontcg.io/pl3/2.png', 'large': 'https://images.pokemontcg.io/pl3/2_hires.png'}"
ex11-2,Crobat δ,90,"['Grass', 'Metal']",,"[{'type': 'Psychic', 'value': '×2'}]",,,Ryo Ueda,Rare Holo,,"{'small': 'https://images.pokemontcg.io/ex11/2.png', 'large': 'https://images.pokemontcg.io/ex11/2_hires.png'}"
pop6-2,Lucario,90,['Fighting'],,"[{'type': 'Psychic', 'value': '+20'}]",,1,Kouki Saitou,Rare,It has the ability to sense the auras of all things. It understands human speech.,"{'small': 'https://images.pokemontcg.io/pop6/2.png', 'large': 'https://images.pokemontcg.io/pop6/2_hires.png'}"
base4-2,Blastoise,100,['Water'],"[{'name': 'Rain Dance', 'text': ""As often as you like during your turn (before your attack), you may attach 1 Water Energy card to 1 of your Water Pokémon. (This doesn't use up your 1 Energy card attachment for the turn.) This power can't be used if Blastoise is Asleep, Confused, or Paralyzed."", 'type': 'Pokémon Power'}]","[{'type': 'Lightning', 'value': '×2'}]",,3,Ken Sugimori,Rare Holo,A brutal Pokémon with pressurized water jets on its shell. They are used for high-speed tackles.,"{'small': 'https://images.pokemontcg.io/base4/2.png', 'large': 'https://images.pokemontcg.io/base4/2_hires.png'}"
ex12-2,Aggron,110,['Metal'],,"[{'type': 'Fire', 'value': '×2'}]","[{'type': 'Grass', 'value': '-30'}]",4,Hisao Nakamura,Rare Holo,,"{'small': 'https://images.pokemontcg.io/ex12/2.png', 'large': 'https://images.pokemontcg.io/ex12/2_hires.png'}"
ex7-2,Dark Ampharos,120,"['Lightning', 'Darkness']","[{'name': 'Darkest Impulse', 'text': ""As long as Dark Ampharos is in play, whenever your opponent plays an Evolution card from his or her hand to evolve 1 of his or her Pokémon, put 2 damage counters on that Pokémon. You can't use more than 1 Darkest Impulse Poké-Body each turn."", 'type': 'Poké-Body'}]","[{'type': 'Fighting', 'value': '×2'}]",,2,Emi Miwa,Rare Holo,,"{'small': 'https://images.pokemontcg.io/ex7/2.png', 'large': 'https://images.pokemontcg.io/ex7/2_hires.png'}"
xy11-1,Tangela,80,['Grass'],,"[{'type': 'Fire', 'value': '×2'}]",,3,OOYAMA,Common,It tangles any moving thing with its vines. Their subtle shaking is ticklish if you get ensnared.,"{'small': 'https://images.pokemontcg.io/xy11/1.png', 'large': 'https://images.pokemontcg.io/xy11/1_hires.png'}"
bw1-1,Snivy,60,['Grass'],,"[{'type': 'Fire', 'value': '×2'}]","[{'type': 'Water', 'value': '-20'}]",1,Kagemaru Himeno,Common,"They photosynthesize by bathing their tails in sunlight. When they are not feeling well, their tails droop.","{'small': 'https://images.pokemontcg.io/bw1/1.png', 'large': 'https://images.pokemontcg.io/bw1/1_hires.png'}"
gym2-1,Blaine's Arcanine,90,['Fire'],,"[{'type': 'Water', 'value': '×2'}]",,3,Ken Sugimori,Rare Holo,,"{'small': 'https://images.pokemontcg.io/gym2/1.png', 'large': 'https://images.pokemontcg.io/gym2/1_hires.png'}"
swsh35-1,Venusaur V,220,['Grass'],,"[{'type': 'Fire', 'value': '×2'}]",,3,PLANETA Mochizuki,Rare Holo V,,"{'small': 'https://images.pokemontcg.io/swsh35/1.png', 'large': 'https://images.pokemontcg.io/swsh35/1_hires.png'}"
sm1-1,Caterpie,50,['Grass'],,"[{'type': 'Fire', 'value': '×2'}]",,1,Kanako Eo,Common,"When attacked by bird Pokémon, it resists by releasing a terrifically strong odor from its antennae, but it often becomes their prey.","{'small': 'https://images.pokemontcg.io/sm1/1.png', 'large': 'https://images.pokemontcg.io/sm1/1_hires.png'}"
ex13-1,Armaldo δ,110,"['Fighting', 'Metal']",,"[{'type': 'Grass', 'value': '×2'}]",,3,Masakazu Fukuda,Rare Holo,,"{'small': 'https://images.pokemontcg.io/ex13/1.png', 'large': 'https://images.pokemontcg.io/ex13/1_hires.png'}"
pop6-3,Manaphy,70,['Water'],,"[{'type': 'Lightning', 'value': '+20'}]",,1,Atsuko Nishida,Rare,"Born on a cold seafloor, it will swim great distances to return to its birthplace.","{'small': 'https://images.pokemontcg.io/pop6/3.png', 'large': 'https://images.pokemontcg.io/pop6/3_hires.png'}"
ex11-3,Dragonite δ,100,"['Lightning', 'Metal']","[{'name': 'Delta Charge', 'text': ""Once during your turn (before your attack), you may attach a Lightning Energy card from your discard pile to 1 of your Benched Pokémon. This power can't be used if Dragonite is affected by a Special Condition."", 'type': 'Poké-Power'}]","[{'type': 'Colorless', 'value': '×2'}]","[{'type': 'Grass', 'value': '-30'}, {'type': 'Fighting', 'value': '-30'}]",2,Ryo Ueda,Rare Holo,,"{'small': 'https://images.pokemontcg.io/ex11/3.png', 'large': 'https://images.pokemontcg.io/ex11/3_hires.png'}"
ex13-2,Cradily δ,100,"['Darkness', 'Metal']",,"[{'type': 'Fire', 'value': '×2'}]",,2,Kouki Saitou,Rare Holo,,"{'small': 'https://images.pokemontcg.io/ex13/2.png', 'large': 'https://images.pokemontcg.io/ex13/2_hires.png'}"
gym2-2,Blaine's Charizard,100,['Fire'],,"[{'type': 'Water', 'value': '×2'}]","[{'type': 'Fighting', 'value': '-30'}]",3,Ken Sugimori,Rare Holo,,"{'small': 'https://images.pokemontcg.io/gym2/2.png', 'large': 'https://images.pokemontcg.io/gym2/2_hires.png'}"
det1-3,Morelull,50,['Grass'],,"[{'type': 'Fire', 'value': '×2'}]",,1,MPC Film,Common,"It scatters its shining spores around itself. Even though they're dangerous, nighttime tours of forests where Morelull live are popular.","{'small': 'https://images.pokemontcg.io/det1/3.png', 'large': 'https://images.pokemontcg.io/det1/3_hires.png'}"
pop7-2,Gallade,130,['Fighting'],,"[{'type': 'Psychic', 'value': '+30'}]",,2,Daisuke Ito,Rare,"A master of courtesy and swordsmanship, it fights using extending swords on it elbows.","{'small': 'https://images.pokemontcg.io/pop7/2.png', 'large': 'https://images.pokemontcg.io/pop7/2_hires.png'}"
col1-2,Deoxys,80,['Psychic'],,"[{'type': 'Psychic', 'value': '×2'}]",,1,Ryo Ueda,Rare Holo,DNA from a space virus mutated and became a Pokémon. It appears where auroras are seen.,"{'small': 'https://images.pokemontcg.io/col1/2.png', 'large': 'https://images.pokemontcg.io/col1/2_hires.png'}"
pl1-3,Blaziken,130,['Fire'],"[{'name': 'Fire Breath', 'text': ""Once during your turn (before your attack), you may choose 1 of the Defending Pokémon. That Pokémon is now Burned. This power can't be used if Blaziken is affected by a Special Condition."", 'type': 'Poké-Power'}]","[{'type': 'Water', 'value': '+30'}]",,1,Hajime Kusajima,Rare Holo,,"{'small': 'https://images.pokemontcg.io/pl1/3.png', 'large': 'https://images.pokemontcg.io/pl1/3_hires.png'}"
sm115-2,Metapod,90,['Grass'],,"[{'type': 'Fire', 'value': '×2'}]",,2,Shibuzoh.,Uncommon,Its shell is filled with a thick liquid. All of the cells throughout its body are being rebuilt in preparation for evolution.,"{'small': 'https://images.pokemontcg.io/sm115/2.png', 'large': 'https://images.pokemontcg.io/sm115/2_hires.png'}"
sm2-1,Bellsprout,60,['Grass'],,"[{'type': 'Fire', 'value': '×2'}]",,1,Aya Kusube,Common,"Even though its body is extremely skinny, it is blindingly fast when catching its prey.","{'small': 'https://images.pokemontcg.io/sm2/1.png', 'large': 'https://images.pokemontcg.io/sm2/1_hires.png'}"
ex4-1,Team Aqua's Cacturne,80,"['Grass', 'Darkness']",,"[{'type': 'Fire', 'value': '×2'}]",,2,K. Utsunomiya,Rare Holo,,"{'small': 'https://images.pokemontcg.io/ex4/1.png', 'large': 'https://images.pokemontcg.io/ex4/1_hires.png'}"
bw9-1,Weedle,50,['Grass'],,"[{'type': 'Fire', 'value': '×2'}]",,1,Sumiyoshi Kizuki,Common,It eats its weight in leaves every day. It fends off attackers with the needle on its head.,"{'small': 'https://images.pokemontcg.io/bw9/1.png', 'large': 'https://images.pokemontcg.io/bw9/1_hires.png'}"
ex3-1,Absol,70,['Darkness'],,"[{'type': 'Fighting', 'value': '×2'}]","[{'type': 'Psychic', 'value': '-30'}]",1,Naoyo Kimura,Rare Holo,,"{'small': 'https://images.pokemontcg.io/ex3/1.png', 'large': 'https://images.pokemontcg.io/ex3/1_hires.png'}"
hgss1-1,Arcanine,110,['Fire'],,"[{'type': 'Water', 'value': '×2'}]",,2,Naoki Saito,Rare Holo,This legendary Chinese Pokémon is considered magnificent. Many people are enchanted by its grand mane.,"{'small': 'https://images.pokemontcg.io/hgss1/1.png', 'large': 'https://images.pokemontcg.io/hgss1/1_hires.png'}"
base3-1,Aerodactyl,60,['Fighting'],"[{'name': 'Prehistoric Power', 'text': 'No more Evolution cards can be played. This power stops working while Aerodactyl is Asleep, Confused, or Paralyzed.', 'type': 'Pokémon Power'}]","[{'type': 'Grass', 'value': '×2'}]","[{'type': 'Fighting', 'value': '-30'}]",2,Kagemaru Himeno,Rare Holo,A ferocious prehistoric Pokémon that goes for the enemy's throat with its serrated saw-like fangs.,"{'small': 'https://images.pokemontcg.io/base3/1.png', 'large': 'https://images.pokemontcg.io/base3/1_hires.png'}"
dp3-2,Blastoise,120,['Water'],"[{'name': 'Waterlog', 'text': ""Once during your turn (before your attack), you may attach as many basic Water Energy cards from your hand to any of your Pokémon in any way you like. If you do, your turn ends. This power can't be used if Blastoise is affected by a Special Condition."", 'type': 'Poké-Power'}]","[{'type': 'Lightning', 'value': '+30'}]",,2,Daisuke Ito,Rare Holo,The jets of water it spouts from the rocket cannons on its shell can punch through thick steel.,"{'small': 'https://images.pokemontcg.io/dp3/2.png', 'large': 'https://images.pokemontcg.io/dp3/2_hires.png'}"
xy2-2,Metapod,70,['Grass'],"[{'name': 'Adaptive Evolution', 'text': 'This Pokémon can evolve during your first turn or the turn you play it.', 'type': 'Ability'}]","[{'type': 'Fire', 'value': '×2'}]",,2,kawayoo,Uncommon,A steel-hard shell protects its tender body. It quietly endures hardships while awaiting evolution.,"{'small': 'https://images.pokemontcg.io/xy2/2.png', 'large': 'https://images.pokemontcg.io/xy2/2_hires.png'}"
hgss1-2,Azumarill,90,['Water'],,"[{'type': 'Lightning', 'value': '×2'}]",,2,Kouki Saitou,Rare Holo,"When it plays in water, it rolls up its elongated ears to prevent their insides from getting wet.","{'small': 'https://images.pokemontcg.io/hgss1/2.png', 'large': 'https://images.pokemontcg.io/hgss1/2_hires.png'}"
det1-2,Ludicolo,140,['Grass'],"[{'name': 'Table Service', 'text': 'Once during your turn (before your attack), you may heal 30 damage from 1 of your Pokémon.', 'type': 'Ability'}]","[{'type': 'Fire', 'value': '×2'}]",,3,Framestore,Rare,"If it hears festive music, all its muscles fill with energy. It can't help breaking out into a dance.","{'small': 'https://images.pokemontcg.io/det1/2.png', 'large': 'https://images.pokemontcg.io/det1/2_hires.png'}"
dp1-1,Dialga,90,['Metal'],,"[{'type': 'Fire', 'value': '+20'}]","[{'type': 'Psychic', 'value': '-20'}]",2,Nakaoka,Rare Holo,It has the power to control time. It appears in Sinnoh-region myths as an ancient deity.,"{'small': 'https://images.pokemontcg.io/dp1/1.png', 'large': 'https://images.pokemontcg.io/dp1/1_hires.png'}"
xy7-1,Oddish,50,['Grass'],,"[{'type': 'Fire', 'value': '×2'}]",,1,MAHOU,Common,"Its scientific name is ""Oddium Wanderus."" At night, it is said to walk nearly 1,000 feet on its two roots.","{'small': 'https://images.pokemontcg.io/xy7/1.png', 'large': 'https://images.pokemontcg.io/xy7/1_hires.png'}"
dv1-2,Dratini,40,['Dragon'],,"[{'type': 'Dragon', 'value': '×2'}]",,1,Naoki Saito,Rare Holo,"It is called the ""Mirage Pokémon"" because so few have seen it. Its shed skin has been found.","{'small': 'https://images.pokemontcg.io/dv1/2.png', 'large': 'https://images.pokemontcg.io/dv1/2_hires.png'}"
ecard2-H3,Ariados,70,['Grass'],"[{'name': 'Gluey Slime', 'text': ""As long as Ariados is in play, each player must pay an additional Colorless to retreat his or her Active Pokémon. Gluey Slime can't make a player pay more than an additional Colorless to retreat a Pokémon, even if there is more than 1 Ariados in play."", 'type': 'Poké-Body'}]","[{'type': 'Fire', 'value': '×2'}]",,,Shin-ichi Yoshida,Rare Holo,,"{'small': 'https://images.pokemontcg.io/ecard2/H3.png', 'large': 'https://images.pokemontcg.io/ecard2/H3_hires.png'}"
sm12-2,Oddish,60,['Grass'],,"[{'type': 'Fire', 'value': '×2'}]",,1,Yumi,Common,"During the day, it stays in the cold underground to avoid the sun. It grows by bathing in moonlight.","{'small': 'https://images.pokemontcg.io/sm12/2.png', 'large': 'https://images.pokemontcg.io/sm12/2_hires.png'}"
base3-3,Ditto,50,['Colorless'],"[{'name': 'Transform', 'text': ""If Ditto is your Active Pokémon, treat it as if it were the same card as the Defending Pokémon, including type, Hit Points, Weakness, and so on, except Ditto can't evolve, always has this Pokémon Power, and you may treat any Energy attached to Ditto as Energy of any type. Ditto isn't a copy of any other Pokémon while Ditto is Asleep, Confused, or Paralyzed."", 'type': 'Pokémon Power'}]","[{'type': 'Fighting', 'value': '×2'}]","[{'type': 'Psychic', 'value': '-30'}]",1,Keiji Kinebuchi,Rare Holo,Capable of copying an enemy's genetic code to instantly transform itself into a duplicate of the enemy.,"{'small': 'https://images.pokemontcg.io/base3/3.png', 'large': 'https://images.pokemontcg.io/base3/3_hires.png'}"
hgss1-3,Clefable,80,['Colorless'],,"[{'type': 'Fighting', 'value': '×2'}]",,1,Masakazu Fukuda,Rare Holo,"With its acute hearing, it can pick up sounds from far away. It usually hides in quiet places.","{'small': 'https://images.pokemontcg.io/hgss1/3.png', 'large': 'https://images.pokemontcg.io/hgss1/3_hires.png'}"
gym1-3,Erika's Clefable,70,['Colorless'],,"[{'type': 'Fighting', 'value': '×2'}]","[{'type': 'Psychic', 'value': '-30'}]",2,Atsuko Nishida,Rare Holo,,"{'small': 'https://images.pokemontcg.io/gym1/3.png', 'large': 'https://images.pokemontcg.io/gym1/3_hires.png'}"
base5-1,Dark Alakazam,60,['Psychic'],,"[{'type': 'Psychic', 'value': '×2'}]",,3,Ken Sugimori,Rare Holo,"Almost as if it were being controlled by something else, it never changes expressions, even in the middle of battle.","{'small': 'https://images.pokemontcg.io/base5/1.png', 'large': 'https://images.pokemontcg.io/base5/1_hires.png'}"
bw11-1,Tangela,70,['Grass'],,"[{'type': 'Fire', 'value': '×2'}]","[{'type': 'Water', 'value': '-20'}]",2,kirisAki,Common,"Many writhing vines cover it, so its true identity remains unknown. The blue vines grow its whole life long.","{'small': 'https://images.pokemontcg.io/bw11/1.png', 'large': 'https://images.pokemontcg.io/bw11/1_hires.png'}"
pop3-1,Blastoise,120,['Water'],,"[{'type': 'Lightning', 'value': '×2'}]",,2,Mitsuhiro Arita,Rare,,"{'small': 'https://images.pokemontcg.io/pop3/1.png', 'large': 'https://images.pokemontcg.io/pop3/1_hires.png'}"
dp4-1,Blaziken,130,['Fire'],,"[{'type': 'Water', 'value': '+30'}]",,1,Kagemaru Himeno,Rare Holo,"Flames spout from its wrists, enveloping its knuckles. Its punches scorch its foes.","{'small': 'https://images.pokemontcg.io/dp4/1.png', 'large': 'https://images.pokemontcg.io/dp4/1_hires.png'}"
bw5-1,Bulbasaur,60,['Grass'],,"[{'type': 'Fire', 'value': '×2'}]","[{'type': 'Water', 'value': '-20'}]",2,Mitsuhiro Arita,Common,"For some time after its birth, it grows by gaining nourishment from the seed on its back.","{'small': 'https://images.pokemontcg.io/bw5/1.png', 'large': 'https://images.pokemontcg.io/bw5/1_hires.png'}"
dpp-DP01,Turtwig,60,['Grass'],,"[{'type': 'Fire', 'value': '+10'}]","[{'type': 'Water', 'value': '-20'}]",2,Masakazu Fukuda,Promo,"Made from soil, the shell on its back hardens when it drinks water. It lives along lakes.","{'small': 'https://images.pokemontcg.io/dpp/DP01.png', 'large': 'https://images.pokemontcg.io/dpp/DP01_hires.png'}"
swsh1-1,Celebi V,180,['Grass'],,"[{'type': 'Fire', 'value': '×2'}]",,1,PLANETA Igarashi,Rare Holo V,,"{'small': 'https://images.pokemontcg.io/swsh1/1.png', 'large': 'https://images.pokemontcg.io/swsh1/1_hires.png'}"
base6-1,Alakazam,80,['Psychic'],"[{'name': 'Damage Swap', 'text': ""As often as you like during your turn (before your attack), you may move 1 damage counter from 1 of your Pokémon to another as long as you don't Knock Out that Pokémon. This power can't be used if Alakazam is affected by a Special Condition."", 'type': 'Pokémon Power'}]","[{'type': 'Psychic', 'value': '×2'}]",,3,Ken Sugimori,Rare Holo,Its brain can outperform a supercomputer. Its intelligence quotient is said to be 5000.,"{'small': 'https://images.pokemontcg.io/base6/1.png', 'large': 'https://images.pokemontcg.io/base6/1_hires.png'}"
pop9-1,Garchomp,130,['Colorless'],,"[{'type': 'Colorless', 'value': '+30'}]",,,Kagemaru Himeno,Rare,It flies at speeds equal to a jet fighter plane. It never allows its prey to escape.,"{'small': 'https://images.pokemontcg.io/pop9/1.png', 'large': 'https://images.pokemontcg.io/pop9/1_hires.png'}"
sm115-3,Butterfree,130,['Grass'],,"[{'type': 'Fire', 'value': '×2'}]",,1,Masakazu Fukuda,Rare,"Its wings are covered in toxic scales. If it finds bird Pokémon going after Caterpie, Butterfree sprinkles its scales on them to drive them off.","{'small': 'https://images.pokemontcg.io/sm115/3.png', 'large': 'https://images.pokemontcg.io/sm115/3_hires.png'}"
det1-4,Charmander,60,['Fire'],,"[{'type': 'Water', 'value': '×2'}]",,1,MPC Film,Common,"The flame on its tail indicates Charmander's life force. If it is healthy, the flame burns brightly.","{'small': 'https://images.pokemontcg.io/det1/4.png', 'large': 'https://images.pokemontcg.io/det1/4_hires.png'}"
pop4-2,Deoxys δ,70,['Colorless'],"[{'name': 'Form Change', 'text': ""Once during your turn (before your attack), you may search your deck for another Deoxys and switch it with Deoxys. (Any cards attached to Deoxys, damage counters, Special Conditions, and effects on it are now on the new Pokémon.) If you do, put Deoxys on top of your deck. Shuffle your deck afterward. You can't use more than 1 Form Change Poké-Power each turn."", 'type': 'Poké-Power'}]","[{'type': 'Psychic', 'value': '×2'}]",,1,Kouki Saitou,Rare,,"{'small': 'https://images.pokemontcg.io/pop4/2.png', 'large': 'https://images.pokemontcg.io/pop4/2_hires.png'}"
ex12-4,Delcatty,80,['Colorless'],"[{'name': 'Reactive Shift', 'text': ""Once during your turn (before your attack), you may move a React Energy card attached to 1 of your Pokémon to another of your Pokémon. This power can't be used if Delcatty is affected by a Special Condition."", 'type': 'Poké-Power'}]","[{'type': 'Fighting', 'value': '×2'}]",,1,Naoyo Kimura,Rare Holo,,"{'small': 'https://images.pokemontcg.io/ex12/4.png', 'large': 'https://images.pokemontcg.io/ex12/4_hires.png'}"
ex3-4,Flygon,120,['Colorless'],,"[{'type': 'Colorless', 'value': '×2'}]","[{'type': 'Fire', 'value': '-30'}, {'type': 'Lightning', 'value': '-30'}]",2,Mitsuhiro Arita,Rare Holo,,"{'small': 'https://images.pokemontcg.io/ex3/4.png', 'large': 'https://images.pokemontcg.io/ex3/4_hires.png'}"
xy2-4,Pineco,60,['Grass'],,"[{'type': 'Fire', 'value': '×2'}]",,2,Suwama Chiaki,Common,It likes to make its shell thicker by adding layers of tree bark. The additional weight doesn't bother it.,"{'small': 'https://images.pokemontcg.io/xy2/4.png', 'large': 'https://images.pokemontcg.io/xy2/4_hires.png'}"
ex11-4,Espeon δ,70,"['Psychic', 'Metal']","[{'name': 'Delta Heal', 'text': ""Once during your turn (before your attack), you may remove 1 damage counter from each of your Pokémon that has δ on its card. You can't use more than 1 Delta Heal Poké-Power each turn. This power can't be used if Espeon is affected by a Special Condition."", 'type': 'Poké-Power'}]","[{'type': 'Psychic', 'value': '×2'}]",,1,Ryo Ueda,Rare Holo,,"{'small': 'https://images.pokemontcg.io/ex11/4.png', 'large': 'https://images.pokemontcg.io/ex11/4_hires.png'}"
gym2-3,Brock's Ninetales,70,['Fire'],"[{'name': 'Shapeshift', 'text': ""Once during your turn (before your attack), you may attach an Evolution card from your hand to Brock's Ninetales. (This doesn't count as evolving Brock's Ninetales.) Treat Brock's Ninetales as if it were that Pokémon instead. It can't evolve, devolve, or use the Pokémon Power of that Pokémon. During your turn, you may discard the Evolution card attached to Brock's Ninetales. This power can't be used if Brock's Ninetales is Asleep, Confused, or Paralyzed. If Brock's Ninetales becomes Asleep, Confused, or Paralyzed, discard all Evolution cards attached to it."", 'type': 'Pokémon Power'}]","[{'type': 'Water', 'value': '×2'}]",,1,Ken Sugimori,Rare Holo,,"{'small': 'https://images.pokemontcg.io/gym2/3.png', 'large': 'https://images.pokemontcg.io/gym2/3_hires.png'}"
pop1-2,Metagross,100,['Metal'],,"[{'type': 'Fire', 'value': '×2'}]","[{'type': 'Grass', 'value': '-30'}]",3,Ken Sugimori,Rare,,"{'small': 'https://images.pokemontcg.io/pop1/2.png', 'large': 'https://images.pokemontcg.io/pop1/2_hires.png'}"
pl4-2,Froslass,80,['Water'],"[{'name': 'Snow Gift', 'text': 'Once during your turn, when you play Froslass from your hand to evolve 1 of your Pokémon, you may search your deck for any 1 card and put it into your hand. Shuffle your deck afterward.', 'type': 'Poké-Power'}]","[{'type': 'Metal', 'value': '+20'}]",,1,TOKIYA,Rare Holo,It freezes prey by blowing its -58 degrees F breath. It is said to then secretly display its prey.,"{'small': 'https://images.pokemontcg.io/pl4/2.png', 'large': 'https://images.pokemontcg.io/pl4/2_hires.png'}"
sm3-2,Metapod,80,['Grass'],,"[{'type': 'Fire', 'value': '×2'}]",,2,Suwama Chiaki,Uncommon,Its shell is filled with its soft innards. It doesn't move much because of the risk it might carelessly spill its innards out.,"{'small': 'https://images.pokemontcg.io/sm3/2.png', 'large': 'https://images.pokemontcg.io/sm3/2_hires.png'}"
bw10-3,Lileep,80,['Grass'],"[{'name': 'Prehistoric Call', 'text': 'Once during your turn (before your attack), if this Pokémon is in your discard pile, you may put this Pokémon on the bottom of your deck.', 'type': 'Ability'}]","[{'type': 'Fire', 'value': '×2'}]","[{'type': 'Water', 'value': '-20'}]",2,Suwama Chiaki,Uncommon,It lived on the seafloor 100 million years ago and was reanimated scientifically.,"{'small': 'https://images.pokemontcg.io/bw10/3.png', 'large': 'https://images.pokemontcg.io/bw10/3_hires.png'}"
hgss4-4,Drapion,100,['Darkness'],,"[{'type': 'Fighting', 'value': '×2'}]","[{'type': 'Psychic', 'value': '-20'}]",3,Sumiyoshi Kizuki,Rare Holo,It attacks people and Pokémon that cross the desert. This has only furthered its bad reputation.,"{'small': 'https://images.pokemontcg.io/hgss4/4.png', 'large': 'https://images.pokemontcg.io/hgss4/4_hires.png'}"
ex13-3,Deoxys δ,70,['Darkness'],"[{'name': 'Form Change', 'text': ""Once during your turn (before your attack), you may search your deck for another Deoxys and switch it with Deoxys. (Any cards attached to Deoxys, damage counters, Special Conditions, and effects on it are now on the new Pokémon.) If you do, put Deoxys on top of your deck. Shuffle your deck afterward. You can't use more than 1 Form Change Poké-Power each turn."", 'type': 'Poké-Power'}]","[{'type': 'Psychic', 'value': '×2'}]",,1,Mitsuhiro Arita,Rare Holo,,"{'small': 'https://images.pokemontcg.io/ex13/3.png', 'large': 'https://images.pokemontcg.io/ex13/3_hires.png'}"
bw6-1,Hoppip,30,['Grass'],,"[{'type': 'Fire', 'value': '×2'}]","[{'type': 'Water', 'value': '-20'}]",1,Kouki Saitou,Common,"It drifts on winds. It is said that when Hoppip gather in fields and mountains, spring is on the way.","{'small': 'https://images.pokemontcg.io/bw6/1.png', 'large': 'https://images.pokemontcg.io/bw6/1_hires.png'}"
xy11-4,Skiploom,70,['Grass'],,"[{'type': 'Fire', 'value': '×2'}]",,1,Eri Yamaki,Uncommon,It spreads its petals to absorb sunlight. It also floats in the air to get closer to the sun.,"{'small': 'https://images.pokemontcg.io/xy11/4.png', 'large': 'https://images.pokemontcg.io/xy11/4_hires.png'}"
hgss4-5,Mamoswine,140,['Water'],,"[{'type': 'Metal', 'value': '×2'}]",,4,Kagemaru Himeno,Rare Holo,"A frozen Mamoswine was dug from ice dating back 10,000 years. This Pokémon has been around a long, long, long time.","{'small': 'https://images.pokemontcg.io/hgss4/5.png', 'large': 'https://images.pokemontcg.io/hgss4/5_hires.png'}"
sm5-3,Yanmega,120,['Grass'],,"[{'type': 'Lightning', 'value': '×2'}]","[{'type': 'Fighting', 'value': '-20'}]",1,SATOSHI NAKAI,Uncommon,This six-legged Pokémon is easily capable of transporting an adult in flight. The wings on its tail help it stay balanced.,"{'small': 'https://images.pokemontcg.io/sm5/3.png', 'large': 'https://images.pokemontcg.io/sm5/3_hires.png'}"
pl3-4,Electivire FB,90,['Lightning'],,"[{'type': 'Fighting', 'value': '×2'}]","[{'type': 'Metal', 'value': '-20'}]",3,Hironobu Yoshida,Rare Holo,,"{'small': 'https://images.pokemontcg.io/pl3/4.png', 'large': 'https://images.pokemontcg.io/pl3/4_hires.png'}"
swsh4-2,Kakuna,80,['Grass'],,"[{'type': 'Fire', 'value': '×2'}]",,3,Naoyo Kimura,Uncommon,"While awaiting evolution, it hides from predators under leaves and in nooks of branches.","{'small': 'https://images.pokemontcg.io/swsh4/2.png', 'large': 'https://images.pokemontcg.io/swsh4/2_hires.png'}"
gym2-4,Erika's Venusaur,90,['Grass'],,"[{'type': 'Fire', 'value': '×2'}]",,2,Ken Sugimori,Rare Holo,,"{'small': 'https://images.pokemontcg.io/gym2/4.png', 'large': 'https://images.pokemontcg.io/gym2/4_hires.png'}"
pop3-3,Jolteon,70,['Lightning'],,"[{'type': 'Fighting', 'value': '×2'}]","[{'type': 'Metal', 'value': '-30'}]",,Masakazu Fukuda,Rare,,"{'small': 'https://images.pokemontcg.io/pop3/3.png', 'large': 'https://images.pokemontcg.io/pop3/3_hires.png'}"
base6-3,Charizard,120,['Fire'],"[{'name': 'Energy Burn', 'text': ""As often as you like during your turn (before your attack), you may turn all Energy attached to Charizard into Fire Energy for the rest of the turn. This power can't be used if Charizard is affected by a Special Condition."", 'type': 'Pokémon Power'}]","[{'type': 'Water', 'value': '×2'}]","[{'type': 'Fighting', 'value': '-30'}]",3,Mitsuhiro Arita,Rare Holo,Spits fire that is hot enough to melt boulders. Known to unintentionally cause forest fires.,"{'small': 'https://images.pokemontcg.io/base6/3.png', 'large': 'https://images.pokemontcg.io/base6/3_hires.png'}"
bw4-3,Kricketot,60,['Grass'],,"[{'type': 'Fire', 'value': '×2'}]",,1,MAHOU,Common,"Its legs are short. Whenever it stumbles, its stiff antennae clack with a xylophone-like sound.","{'small': 'https://images.pokemontcg.io/bw4/3.png', 'large': 'https://images.pokemontcg.io/bw4/3_hires.png'}"
hgss2-2,Magmortar,110,['Fire'],,"[{'type': 'Water', 'value': '×2'}]",,2,Hajime Kusajima,Rare Holo,"It blasts fireballs of over 3,600 degrees Fahrenheit out of its arms. Its breath also sears and sizzles.","{'small': 'https://images.pokemontcg.io/hgss2/2.png', 'large': 'https://images.pokemontcg.io/hgss2/2_hires.png'}"
swsh4-1,Weedle,40,['Grass'],,"[{'type': 'Fire', 'value': '×2'}]",,1,sui,Common,Its poison stinger is very powerful. Its bright-colored body is intended to warn off its enemies.,"{'small': 'https://images.pokemontcg.io/swsh4/1.png', 'large': 'https://images.pokemontcg.io/swsh4/1_hires.png'}"
pop1-1,Blaziken,110,['Fire'],,"[{'type': 'Water', 'value': '×2'}]",,2,Katsura Tabata,Rare,,"{'small': 'https://images.pokemontcg.io/pop1/1.png', 'large': 'https://images.pokemontcg.io/pop1/1_hires.png'}"
bw8-1,Turtwig,70,['Grass'],,"[{'type': 'Fire', 'value': '×2'}]","[{'type': 'Water', 'value': '-20'}]",2,Kouki Saitou,Common,"The shell on its back is made of soil. On a very healthy Turtwig, the shell should feel moist.","{'small': 'https://images.pokemontcg.io/bw8/1.png', 'large': 'https://images.pokemontcg.io/bw8/1_hires.png'}"
neo4-1,Dark Ampharos,70,['Lightning'],"[{'name': 'Conductivity', 'text': ""Whenever your opponent attaches an Energy card from his or her hand to a Pokémon, this power does 10 damage to that Pokémon. (Don't apply Weakness and Resistance.) This power stops working if you have more than 1 Dark Ampharos in play or while Dark Ampharos is Asleep, Confused, or Paralyzed."", 'type': 'Pokémon Power'}]","[{'type': 'Fighting', 'value': '×2'}]",,2,Kagemaru Himeno,Rare Holo,"Its brightly lit tail can be seen for miles in the dark, even by ships on the sea.","{'small': 'https://images.pokemontcg.io/neo4/1.png', 'large': 'https://images.pokemontcg.io/neo4/1_hires.png'}"
pop7-3,Latias,80,['Colorless'],,"[{'type': 'Colorless', 'value': '+20'}]","[{'type': 'Fighting', 'value': '-20'}]",1,Daisuke Ito,Rare,Its body is covered with a down that can refract light in such a way that it becomes invisible.,"{'small': 'https://images.pokemontcg.io/pop7/3.png', 'large': 'https://images.pokemontcg.io/pop7/3_hires.png'}"
hgss1-4,Gyarados,130,['Water'],,"[{'type': 'Lightning', 'value': '×2'}]","[{'type': 'Fighting', 'value': '-20'}]",3,Mitsuhiro Arita,Rare Holo,"Once it appears, it goes on a rampage. It remains enraged until it demolishes everything around it.","{'small': 'https://images.pokemontcg.io/hgss1/4.png', 'large': 'https://images.pokemontcg.io/hgss1/4_hires.png'}"
xy1-2,M Venusaur-EX,230,['Grass'],,"[{'type': 'Fire', 'value': '×2'}]",,4,5ban Graphics,Rare Holo EX,,"{'small': 'https://images.pokemontcg.io/xy1/2.png', 'large': 'https://images.pokemontcg.io/xy1/2_hires.png'}"
ex8-2,Beautifly,100,['Grass'],"[{'name': 'Hunch', 'text': ""As long as Beautifly's remaining HP is 40 or less, Beautifly does 40 more damage to the Defending Pokémon (before applying Weakness and Resistance)."", 'type': 'Poké-Body'}]","[{'type': 'Fire', 'value': '×2'}]",,1,Kagemaru Himeno,Rare Holo,,"{'small': 'https://images.pokemontcg.io/ex8/2.png', 'large': 'https://images.pokemontcg.io/ex8/2_hires.png'}"
dpp-DP02,Chimchar,50,['Fire'],,"[{'type': 'Water', 'value': '+10'}]",,1,Kagemaru Himeno,Promo,It agilely scales sheer cliffs to live atop craggy mountains. Its fire is put out when it sleeps.,"{'small': 'https://images.pokemontcg.io/dpp/DP02.png', 'large': 'https://images.pokemontcg.io/dpp/DP02_hires.png'}"
col1-3,Dialga,100,['Metal'],,"[{'type': 'Fire', 'value': '×2'}]","[{'type': 'Psychic', 'value': '-20'}]",3,Ayaka Yoshida,Rare Holo,This Pokémon completely controls the flow of time. It uses its power to travel at will through the past and future.,"{'small': 'https://images.pokemontcg.io/col1/3.png', 'large': 'https://images.pokemontcg.io/col1/3_hires.png'}"
bw11-2,Tangrowth,120,['Grass'],,"[{'type': 'Fire', 'value': '×2'}]","[{'type': 'Water', 'value': '-20'}]",4,Kagemaru Himeno,Rare,"Even if one of its arms is eaten, it's fine. The Pokémon regenerates quickly and will go right back to normal.","{'small': 'https://images.pokemontcg.io/bw11/2.png', 'large': 'https://images.pokemontcg.io/bw11/2_hires.png'}"
ecard2-H4,Azumarill,70,['Water'],"[{'name': 'Bubble Turn', 'text': 'Once during your turn (before your attack), if Azumarill is on your Bench, you may flip a coin. If heads, return Azumarill and all cards attached to it to your hand.', 'type': 'Poké-Power'}]","[{'type': 'Lightning', 'value': '×2'}]",,1,Kagemaru Himeno,Rare Holo,,"{'small': 'https://images.pokemontcg.io/ecard2/H4.png', 'large': 'https://images.pokemontcg.io/ecard2/H4_hires.png'}"
neo4-2,Dark Crobat,70,['Grass'],"[{'name': 'Surprise Bite', 'text': ""When you play Dark Crobat from your hand, you may choose 1 of your opponent's Pokémon. This power does 20 damage to that Pokémon. (Don't apply Weakness and Resistance.)"", 'type': 'Pokémon Power'}]","[{'type': 'Psychic', 'value': '×2'}]","[{'type': 'Fighting', 'value': '-30'}]",,"Shin-ichi Yoshikawa, CR CG gangs",Rare Holo,"Although the wings it has evolved on its feet allow it to fly at high speeds, they unfortunately make it difficult to perch.","{'small': 'https://images.pokemontcg.io/neo4/2.png', 'large': 'https://images.pokemontcg.io/neo4/2_hires.png'}"
si1-3,Onix,90,['Fighting'],,"[{'type': 'Grass', 'value': '×2'}]",,3,Keiko Fukuyama,Common,"This Pokémon burrows through the earth at high speed, looking for food. The tunnels it digs are used by Diglett as nests.","{'small': 'https://images.pokemontcg.io/si1/3.png', 'large': 'https://images.pokemontcg.io/si1/3_hires.png'}"
base4-4,Charizard,120,['Fire'],"[{'name': 'Energy Burn', 'text': ""As often as you like during your turn (before your attack), you may turn all Energy attached to Charizard into Fire Energy for the rest of the turn. This power can't be used if Charizard is Asleep, Confused, or Paralyzed."", 'type': 'Pokémon Power'}]","[{'type': 'Water', 'value': '×2'}]","[{'type': 'Fighting', 'value': '-30'}]",3,Mitsuhiro Arita,Rare Holo,Spits fire that is hot enough to melt boulders. Known to unintentionally cause forest fires.,"{'small': 'https://images.pokemontcg.io/base4/4.png', 'large': 'https://images.pokemontcg.io/base4/4_hires.png'}"
bw8-2,Grotle,100,['Grass'],,"[{'type': 'Fire', 'value': '×2'}]","[{'type': 'Water', 'value': '-20'}]",3,Sumiyoshi Kizuki,Uncommon,It knows where pure water wells up. It carries fellow Pokémon there on its back.,"{'small': 'https://images.pokemontcg.io/bw8/2.png', 'large': 'https://images.pokemontcg.io/bw8/2_hires.png'}"
xy7-3,Vileplume,130,['Grass'],"[{'name': 'Irritating Pollen', 'text': ""Each player can't play any Item cards from his or her hand."", 'type': 'Ability'}]","[{'type': 'Fire', 'value': '×2'}]",,3,Midori Harada,Rare,"It has the world's largest petals. With every step, the petals shake out heavy clouds of toxic pollen.","{'small': 'https://images.pokemontcg.io/xy7/3.png', 'large': 'https://images.pokemontcg.io/xy7/3_hires.png'}"
sm75-1,Charmander,70,['Fire'],,"[{'type': 'Water', 'value': '×2'}]",,2,tetsuya koizumi,Common,"From the time it is born, a flame burns at the tip of its tail. Its life would end if the flame were to go out.","{'small': 'https://images.pokemontcg.io/sm75/1.png', 'large': 'https://images.pokemontcg.io/sm75/1_hires.png'}"
ex7-4,Dark Electrode,70,"['Lightning', 'Darkness']","[{'name': 'Darkness Navigation', 'text': ""Once during your turn (before your attack), if Dark Electrode has no Energy attached to it, you may search your deck for a Darkness or Dark Metal Energy and attach it to Dark Electrode. Shuffle your deck afterward. This power can't be used if Dark Electrode is affected by a Special Condition."", 'type': 'Poké-Power'}]","[{'type': 'Fighting', 'value': '×2'}]",,1,Kouki Saitou,Rare Holo,,"{'small': 'https://images.pokemontcg.io/ex7/4.png', 'large': 'https://images.pokemontcg.io/ex7/4_hires.png'}"
swsh1-3,Roselia,70,['Grass'],,"[{'type': 'Fire', 'value': '×2'}]",,1,Naoyo Kimura,Common,"Its flowers give off a relaxing fragrance. The stronger its aroma, the healthier the Roselia is.","{'small': 'https://images.pokemontcg.io/swsh1/3.png', 'large': 'https://images.pokemontcg.io/swsh1/3_hires.png'}"
xy5-4,Tangela,80,['Grass'],,"[{'type': 'Fire', 'value': '×2'}]",,2,match,Common,It tangles any moving thing with its vines. Their subtle shaking is ticklish if you get ensnared.,"{'small': 'https://images.pokemontcg.io/xy5/4.png', 'large': 'https://images.pokemontcg.io/xy5/4_hires.png'}"
ex11-5,Flareon δ,70,"['Fire', 'Metal']",,"[{'type': 'Water', 'value': '×2'}]",,1,Kouki Saitou,Rare Holo,,"{'small': 'https://images.pokemontcg.io/ex11/5.png', 'large': 'https://images.pokemontcg.io/ex11/5_hires.png'}"
ex10-2,Ariados,70,['Grass'],,"[{'type': 'Psychic', 'value': '×2'}]",,1,Mitsuhiro Arita,Rare Holo,,"{'small': 'https://images.pokemontcg.io/ex10/2.png', 'large': 'https://images.pokemontcg.io/ex10/2_hires.png'}"
xy7-4,Bellossom,120,['Grass'],,"[{'type': 'Fire', 'value': '×2'}]",,1,Mizue,Uncommon,"When the heavy rainfall season ends, it is drawn out by warm sunlight to dance in the open.","{'small': 'https://images.pokemontcg.io/xy7/4.png', 'large': 'https://images.pokemontcg.io/xy7/4_hires.png'}"
pl1-5,Dialga,100,['Metal'],"[{'name': 'Reverse Time', 'text': 'Once during your turn, when you put Dialga from your hand onto your Bench, you may search your discard pile for up to 3 in any combination of Pokémon (excluding Pokémon LV.X) and basic Energy cards. Show them to your opponent and put them on top of your deck in any order.', 'type': 'Poké-Power'}]","[{'type': 'Fire', 'value': '×2'}]","[{'type': 'Psychic', 'value': '-20'}]",3,Mitsuhiro Arita,Rare Holo,It has the power to control time. It appears in Sinnoh-region myths as an ancient deity.,"{'small': 'https://images.pokemontcg.io/pl1/5.png', 'large': 'https://images.pokemontcg.io/pl1/5_hires.png'}"
basep-2,Electabuzz,60,['Lightning'],,"[{'type': 'Fighting', 'value': '×2'}]",,2,Ken Sugimori,Promo,"A wild Pokémon with a short temper. It is able to distinguish colors, and likes the color red.","{'small': 'https://images.pokemontcg.io/basep/2.png', 'large': 'https://images.pokemontcg.io/basep/2_hires.png'}"
hgss2-1,Jirachi,60,['Psychic'],"[{'name': 'Stardust Song', 'text': 'Once during your turn, when you put Jirachi from your hand onto your Bench, you may flip 3 coins. For each heads, search your discard pile for a Psychic Energy card and attach it to Jirachi.', 'type': 'Poké-Power'}]","[{'type': 'Psychic', 'value': '×2'}]",,1,Wataru Kawahara,Rare Holo,Generations have believed that any wish written on a note on its head will come true when it awakens.,"{'small': 'https://images.pokemontcg.io/hgss2/1.png', 'large': 'https://images.pokemontcg.io/hgss2/1_hires.png'}"
basep-1,Pikachu,60,['Lightning'],,"[{'type': 'Fighting', 'value': '×2'}]",,1,Keiji Kinebuchi,Promo,"When several of these Pokémon gather, their electricity could build and cause lightning storms.","{'small': 'https://images.pokemontcg.io/basep/1.png', 'large': 'https://images.pokemontcg.io/basep/1_hires.png'}"
pop4-1,Chimecho δ,60,['Metal'],,"[{'type': 'Psychic', 'value': '×2'}]",,1,Masakazu Fukuda,Rare,,"{'small': 'https://images.pokemontcg.io/pop4/1.png', 'large': 'https://images.pokemontcg.io/pop4/1_hires.png'}"
pl4-1,Charizard,140,['Fire'],"[{'name': 'Fire Formation', 'text': ""Each of Charizard's attacks does 10 more damage for each Fire Pokémon on your Bench to your opponent's Active Pokémon (before applying Weakness and Resistance)."", 'type': 'Poké-Body'}]","[{'type': 'Water', 'value': '+30'}]","[{'type': 'Fighting', 'value': '-20'}]",3,Kagemaru Himeno,Rare Holo,,"{'small': 'https://images.pokemontcg.io/pl4/1.png', 'large': 'https://images.pokemontcg.io/pl4/1_hires.png'}"
ex9-3,Exploud,120,['Colorless'],,"[{'type': 'Fighting', 'value': '×2'}]",,2,Hajime Kusajima,Rare Holo,,"{'small': 'https://images.pokemontcg.io/ex9/3.png', 'large': 'https://images.pokemontcg.io/ex9/3_hires.png'}"
pop6-4,Pachirisu,70,['Lightning'],,"[{'type': 'Fighting', 'value': '+20'}]","[{'type': 'Metal', 'value': '-20'}]",1,Atsuko Nishida,Rare,It makes fur balls that crackle with static electricity. It stores them with berries in tree holes.,"{'small': 'https://images.pokemontcg.io/pop6/4.png', 'large': 'https://images.pokemontcg.io/pop6/4_hires.png'}"
ex4-2,Team Aqua's Crawdaunt,80,"['Water', 'Darkness']",,"[{'type': 'Lightning', 'value': '×2'}]",,1,Nakaoka,Rare Holo,,"{'small': 'https://images.pokemontcg.io/ex4/2.png', 'large': 'https://images.pokemontcg.io/ex4/2_hires.png'}"
xy4-2,Venomoth,90,['Grass'],,"[{'type': 'Fire', 'value': '×2'}]",,1,5ban Graphics,Rare,"The scales it scatters will paralyze anyone who touches them, making that person unable to stand.","{'small': 'https://images.pokemontcg.io/xy4/2.png', 'large': 'https://images.pokemontcg.io/xy4/2_hires.png'}"
pl1-4,Delcatty,90,['Colorless'],"[{'name': 'Power Circulation', 'text': ""Once during your turn (before your attack), you may search your discard pile for up to 2 basic Energy cards, show them to your opponent, and put those cards on top of your deck in any order. If you do, put 2 damage counters on Delcatty. This power can't be used if Delcatty is affected by a Special Condition."", 'type': 'Poké-Power'}]","[{'type': 'Fighting', 'value': '+20'}]",,1,Mitsuhiro Arita,Rare Holo,,"{'small': 'https://images.pokemontcg.io/pl1/4.png', 'large': 'https://images.pokemontcg.io/pl1/4_hires.png'}"
swsh35-3,Kakuna,80,['Grass'],,"[{'type': 'Fire', 'value': '×2'}]",,3,Miki Tanaka,Common,"While awaiting evolution, it hides from predators under leaves and in nooks of branches.","{'small': 'https://images.pokemontcg.io/swsh35/3.png', 'large': 'https://images.pokemontcg.io/swsh35/3_hires.png'}"
base5-2,Dark Arbok,60,['Grass'],,"[{'type': 'Psychic', 'value': '×2'}]",,2,Mitsuhiro Arita,Rare Holo,"Freezes its prey with its stare. If you should encounter one, remember not to look into its eyes.","{'small': 'https://images.pokemontcg.io/base5/2.png', 'large': 'https://images.pokemontcg.io/base5/2_hires.png'}"
pop5-2,Lugia,80,['Psychic'],,"[{'type': 'Psychic', 'value': '×2'}]",,2,Mitsuhiro Arita,Rare,,"{'small': 'https://images.pokemontcg.io/pop5/2.png', 'large': 'https://images.pokemontcg.io/pop5/2_hires.png'}"
dp4-2,Cresselia,80,['Psychic'],,"[{'type': 'Psychic', 'value': '+20'}]",,1,Ryo Ueda,Rare Holo,Shiny particles are released from its wings like a veil. It is said to represent the crescent moon.,"{'small': 'https://images.pokemontcg.io/dp4/2.png', 'large': 'https://images.pokemontcg.io/dp4/2_hires.png'}"
pop3-2,Flareon,70,['Fire'],,"[{'type': 'Water', 'value': '×2'}]",,1,Masakazu Fukuda,Rare,,"{'small': 'https://images.pokemontcg.io/pop3/2.png', 'large': 'https://images.pokemontcg.io/pop3/2_hires.png'}"
pop9-2,Manaphy,70,['Water'],,"[{'type': 'Lightning', 'value': '+20'}]",,1,Masakazu Fukuda,Rare,It is born with a wondrous power that lets it bond with any kind of Pokémon.,"{'small': 'https://images.pokemontcg.io/pop9/2.png', 'large': 'https://images.pokemontcg.io/pop9/2_hires.png'}"
sm5-2,Yanma,70,['Grass'],,"[{'type': 'Lightning', 'value': '×2'}]","[{'type': 'Fighting', 'value': '-20'}]",1,Akira Komayama,Common,"If it flaps its wings really fast, it can generate shock waves that will shatter windows in the area.","{'small': 'https://images.pokemontcg.io/sm5/2.png', 'large': 'https://images.pokemontcg.io/sm5/2_hires.png'}"
bw5-3,Venusaur,140,['Grass'],"[{'name': 'Floral Fragrance', 'text': 'Once during your turn (before your attack), you may search your deck for a Pokémon, reveal it, and put it into your hand. Shuffle your deck afterward.', 'type': 'Ability'}]","[{'type': 'Fire', 'value': '×2'}]","[{'type': 'Water', 'value': '-20'}]",4,Masakazu Fukuda,Rare Holo,"After a rainy day, the flower on its back smells stronger. The scent attracts other Pokémon.","{'small': 'https://images.pokemontcg.io/bw5/3.png', 'large': 'https://images.pokemontcg.io/bw5/3_hires.png'}"
ex12-5,Gengar,100,['Psychic'],"[{'name': 'Shadow Curse', 'text': ""If Gengar would be Knocked Out by damage from an opponent's attack, you may put 3 damage counters on 1 of your opponent's Pokémon."", 'type': 'Poké-Power'}]","[{'type': 'Darkness', 'value': '×2'}]","[{'type': 'Fighting', 'value': '-30'}]",1,Kouki Saitou,Rare Holo,,"{'small': 'https://images.pokemontcg.io/ex12/5.png', 'large': 'https://images.pokemontcg.io/ex12/5_hires.png'}"
pl4-3,Heatran,100,['Fire'],,"[{'type': 'Water', 'value': '×2'}]",,3,Keiko Moritsugu,Rare Holo,"Its body is made of rugged steel. However, it is partially melted in spots because of its own heat.","{'small': 'https://images.pokemontcg.io/pl4/3.png', 'large': 'https://images.pokemontcg.io/pl4/3_hires.png'}"
bw10-4,Cradily,120,['Grass'],,"[{'type': 'Fire', 'value': '×2'}]","[{'type': 'Water', 'value': '-20'}]",2,kawayoo,Rare,"It lives in the shallows of warm seas. When the tide goes out, it digs up prey from beaches.","{'small': 'https://images.pokemontcg.io/bw10/4.png', 'large': 'https://images.pokemontcg.io/bw10/4_hires.png'}"
pop4-3,Flygon,120,['Fighting'],"[{'name': 'Levitate', 'text': 'As long as Flygon has any Energy attached to it, the Retreat Cost for Flygon is 0.', 'type': 'Poké-Body'}]","[{'type': 'Water', 'value': '×2'}]",,2,Hisao Nakamura,Rare,,"{'small': 'https://images.pokemontcg.io/pop4/3.png', 'large': 'https://images.pokemontcg.io/pop4/3_hires.png'}"
ex9-4,Gardevoir,100,['Psychic'],"[{'name': 'Heal Dance', 'text': ""Once during your turn (before your attack), you may remove 2 damage counter from 1 of your Pokémon. You can't use more than 1 Heal Dance Poké-Power each turn. This power can't be used if Gardevoir is affected by a Special Condition."", 'type': 'Poké-Power'}]","[{'type': 'Psychic', 'value': '×2'}]",,2,Kagemaru Himeno,Rare Holo,,"{'small': 'https://images.pokemontcg.io/ex9/4.png', 'large': 'https://images.pokemontcg.io/ex9/4_hires.png'}"
dp4-3,Darkrai,70,['Darkness'],,"[{'type': 'Fighting', 'value': '+20'}]","[{'type': 'Psychic', 'value': '-20'}]",1,Masakazu Fukuda,Rare Holo,It can lull people to sleep and make them dream. It is active during nights of the new moon.,"{'small': 'https://images.pokemontcg.io/dp4/3.png', 'large': 'https://images.pokemontcg.io/dp4/3_hires.png'}"
ecard2-H5,Bellossom,90,['Grass'],"[{'name': 'Flower Supplement', 'text': ""Once during your turn (before your attack), you may flip a coin. If heads, attach 1 basic Energy card from your hand to 1 of your Benched Pokémon. This power can't be used if Bellossom is affected by a Special Condition."", 'type': 'Poké-Power'}]","[{'type': 'Fire', 'value': '×2'}]","[{'type': 'Water', 'value': '-30'}]",2,Sumiyoshi Kizuki,Rare Holo,,"{'small': 'https://images.pokemontcg.io/ecard2/H5.png', 'large': 'https://images.pokemontcg.io/ecard2/H5_hires.png'}"
pop1-3,Rayquaza,80,['Colorless'],,"[{'type': 'Colorless', 'value': '×2'}]",,1,Katsura Tabata,Rare,,"{'small': 'https://images.pokemontcg.io/pop1/3.png', 'large': 'https://images.pokemontcg.io/pop1/3_hires.png'}"
xy4-3,Yanma,70,['Grass'],,"[{'type': 'Lightning', 'value': '×2'}]","[{'type': 'Fighting', 'value': '-20'}]",1,Shin Nagasawa,Common,Its eyes can see 360 degrees without moving its head. It won't miss prey—even those behind it.,"{'small': 'https://images.pokemontcg.io/xy4/3.png', 'large': 'https://images.pokemontcg.io/xy4/3_hires.png'}"
bw11-3,Shuckle,80,['Grass'],,"[{'type': 'Fire', 'value': '×2'}]",,1,MAHOU,Uncommon,"The berries stored in its vaselike shell eventually become a thick, pulpy juice.","{'small': 'https://images.pokemontcg.io/bw11/3.png', 'large': 'https://images.pokemontcg.io/bw11/3_hires.png'}"
pop7-4,Latios,90,['Colorless'],,"[{'type': 'Colorless', 'value': '+20'}]","[{'type': 'Fighting', 'value': '-20'}]",2,Daisuke Ito,Rare,"A highly intelligent Pokémon. By folding back its wings in flight, it can overtake jet planes.","{'small': 'https://images.pokemontcg.io/pop7/4.png', 'large': 'https://images.pokemontcg.io/pop7/4_hires.png'}"
xy1-1,Venusaur-EX,180,['Grass'],,"[{'type': 'Fire', 'value': '×2'}]",,4,Eske Yoshinob,Rare Holo EX,,"{'small': 'https://images.pokemontcg.io/xy1/1.png', 'large': 'https://images.pokemontcg.io/xy1/1_hires.png'}"
neo3-1,Ampharos,90,['Lightning'],,"[{'type': 'Fighting', 'value': '×2'}]",,3,Toshinao Aoki,Rare Holo,The bright light on its tail can be seen far away. It has been treasured since ancient times as a beacon.,"{'small': 'https://images.pokemontcg.io/neo3/1.png', 'large': 'https://images.pokemontcg.io/neo3/1_hires.png'}"
bw5-2,Ivysaur,90,['Grass'],,"[{'type': 'Fire', 'value': '×2'}]","[{'type': 'Water', 'value': '-20'}]",3,sui,Uncommon,"When the bud on its back starts swelling, a sweet aroma wafts to indicate the flower's coming bloom.","{'small': 'https://images.pokemontcg.io/bw5/2.png', 'large': 'https://images.pokemontcg.io/bw5/2_hires.png'}"
sm2-2,Weepinbell,80,['Grass'],,"[{'type': 'Fire', 'value': '×2'}]",,2,Mina Nakai,Uncommon,The leafy parts act as cutters for slashing foes. It spits a fluid that dissolves everything.,"{'small': 'https://images.pokemontcg.io/sm2/2.png', 'large': 'https://images.pokemontcg.io/sm2/2_hires.png'}"
bw7-2,Gloom,80,['Grass'],,"[{'type': 'Fire', 'value': '×2'}]","[{'type': 'Water', 'value': '-20'}]",1,Atsuko Nishida,Uncommon,"The honey it drools from its mouth smells so atrocious, it can curl noses more than a mile away.","{'small': 'https://images.pokemontcg.io/bw7/2.png', 'large': 'https://images.pokemontcg.io/bw7/2_hires.png'}"
dv1-4,Dragonair,70,['Dragon'],,"[{'type': 'Dragon', 'value': '×2'}]",,2,Kagemaru Himeno,Rare Holo,"If its body takes on an aura, the weather changes instantly. It is said to live in seas and lakes.","{'small': 'https://images.pokemontcg.io/dv1/4.png', 'large': 'https://images.pokemontcg.io/dv1/4_hires.png'}"
dp1-2,Dusknoir,120,['Psychic'],"[{'name': 'Dark Palm', 'text': ""Once during your turn (before your attack), if your opponent has 4 or more Benched Pokémon, you may choose 1 of them and shuffle that Pokémon and all cards attached to it into his or her deck. This power can't be used if Dusknoir if affected by a Special Condition."", 'type': 'Poké-Power'}]","[{'type': 'Darkness', 'value': '+30'}]","[{'type': 'Colorless', 'value': '-20'}]",3,Takabon,Rare Holo,The antenna on its head captures radio waves from the world of spirits that command it to take people there.,"{'small': 'https://images.pokemontcg.io/dp1/2.png', 'large': 'https://images.pokemontcg.io/dp1/2_hires.png'}"
dp3-4,Entei,80,['Fire'],"[{'name': 'Burning Coat', 'text': ""Whenever 1 of your opponent's Pokémon is Knocked Out by damage from Entei's attacks, discard the top 3 cards from your opponent's deck."", 'type': 'Poké-Body'}]","[{'type': 'Water', 'value': '+20'}]",,2,Ryo Ueda,Rare Holo,"It is said that when it roars, a volcano erupts somewhere around the globe.","{'small': 'https://images.pokemontcg.io/dp3/4.png', 'large': 'https://images.pokemontcg.io/dp3/4_hires.png'}"
xy11-3,Hoppip,40,['Grass'],,"[{'type': 'Fire', 'value': '×2'}]",,1,Mina Nakai,Common,"It drifts on winds. It is said that when Hoppip gather in fields and mountains, spring is on the way.","{'small': 'https://images.pokemontcg.io/xy11/3.png', 'large': 'https://images.pokemontcg.io/xy11/3_hires.png'}"
swsh1-2,Roselia,70,['Grass'],,"[{'type': 'Fire', 'value': '×2'}]",,1,sowsow,Common,"Its flowers give off a relaxing fragrance. The stronger its aroma, the healthier the Roselia is.","{'small': 'https://images.pokemontcg.io/swsh1/2.png', 'large': 'https://images.pokemontcg.io/swsh1/2_hires.png'}"
bw4-2,Seedot,40,['Grass'],,"[{'type': 'Fire', 'value': '×2'}]","[{'type': 'Water', 'value': '-20'}]",1,Kagemaru Himeno,Common,"When it dangles from a tree branch, it looks just like an acorn. It enjoys scaring other Pokémon.","{'small': 'https://images.pokemontcg.io/bw4/2.png', 'large': 'https://images.pokemontcg.io/bw4/2_hires.png'}"
sm9-4,Kakuna,80,['Grass'],"[{'name': 'Grass Cushion', 'text': 'If this Pokémon has any Grass Energy attached to it, it takes 30 less damage from attacks (after applying Weakness and Resistance).', 'type': 'Ability'}]","[{'type': 'Fire', 'value': '×2'}]",,3,Yuka Morii,Uncommon,"Almost incapable of moving, this Pokémon can only harden its shell to protect itself when it is in danger.","{'small': 'https://images.pokemontcg.io/sm9/4.png', 'large': 'https://images.pokemontcg.io/sm9/4_hires.png'}"
ex10-1,Ampharos,120,['Lightning'],"[{'name': 'Energy Connect', 'text': ""As often as you like during your turn (before your attack), you may move a basic Energy card attached to 1 of your Benched Pokémon to your Active Pokémon. This power can't be used if Ampharos is affected by a Special Condition."", 'type': 'Poké-Power'}]","[{'type': 'Fighting', 'value': '×2'}]","[{'type': 'Metal', 'value': '-30'}]",2,Kyoko Umemoto,Rare Holo,,"{'small': 'https://images.pokemontcg.io/ex10/1.png', 'large': 'https://images.pokemontcg.io/ex10/1_hires.png'}"
dp1-3,Electivire,100,['Lightning'],"[{'name': 'Intense Voltage', 'text': ""As often as you like during your turn (before your attack), if Elekid is anywhere under Electivire, you may move a Lightning Energy attached to your Pokémon to Electivire. This power can't be used if Electivire is affected by a Special Condition."", 'type': 'Poké-Power'}]","[{'type': 'Fighting', 'value': '+20'}]","[{'type': 'Metal', 'value': '-20'}]",3,Nakaoka,Rare Holo,"It pushes the tips of its two tails against the foe, then lets loose with over 20,000 volts of power.","{'small': 'https://images.pokemontcg.io/dp1/3.png', 'large': 'https://images.pokemontcg.io/dp1/3_hires.png'}"
sm12-3,Gloom,80,['Grass'],,"[{'type': 'Fire', 'value': '×2'}]",,2,sui,Uncommon,"Smells incredibly foul! However, around one out of a thousand people enjoy sniffing its nose-bending stink.","{'small': 'https://images.pokemontcg.io/sm12/3.png', 'large': 'https://images.pokemontcg.io/sm12/3_hires.png'}"
hgss1-5,Hitmontop,60,['Fighting'],,"[{'type': 'Psychic', 'value': '×2'}]",,1,Ken Sugimori,Rare Holo,"It launches kicks while spinning. If it spins at high speed, it may bore its way into the ground.","{'small': 'https://images.pokemontcg.io/hgss1/5.png', 'large': 'https://images.pokemontcg.io/hgss1/5_hires.png'}"
ex3-5,Golem,120,['Fighting'],,"[{'type': 'Water', 'value': '×2'}]",,4,Hisao Nakamura,Rare Holo,,"{'small': 'https://images.pokemontcg.io/ex3/5.png', 'large': 'https://images.pokemontcg.io/ex3/5_hires.png'}"
ex4-3,Team Aqua's Kyogre,100,"['Water', 'Darkness']","[{'name': 'Power Saver', 'text': ""As long as the number of Pokémon in play (both yours and your opponent's) that has Team Aqua in its name is 3 or less, Team Aqua's Kyogre can't attack."", 'type': 'Poké-Body'}]","[{'type': 'Grass', 'value': '×2'}]",,3,K. Hoshiba,Rare Holo,,"{'small': 'https://images.pokemontcg.io/ex4/3.png', 'large': 'https://images.pokemontcg.io/ex4/3_hires.png'}"
dv1-5,Dragonite,150,['Dragon'],,"[{'type': 'Dragon', 'value': '×2'}]",,3,Mitsuhiro Arita,Rare Holo,It is said to make its home somewhere in the sea. It guides crews of shipwrecks to shore.,"{'small': 'https://images.pokemontcg.io/dv1/5.png', 'large': 'https://images.pokemontcg.io/dv1/5_hires.png'}"
dp3-5,Flygon,120,['Fighting'],"[{'name': 'Irritating Buzz', 'text': ""As long as Flygon is your Active Pokémon, put 1 damage counter on each of your opponent's Active Pokémon between turns, excluding Fighting Pokémon."", 'type': 'Poké-Body'}]","[{'type': 'Water', 'value': '+30'}]","[{'type': 'Lightning', 'value': '-20'}]",1,Daisuke Ito,Rare Holo,"It whips up sandstorms with powerful flaps of its wings. It is known as ""The Desert Spirit.""","{'small': 'https://images.pokemontcg.io/dp3/5.png', 'large': 'https://images.pokemontcg.io/dp3/5_hires.png'}"
bw1-3,Servine,80,['Grass'],,"[{'type': 'Fire', 'value': '×2'}]","[{'type': 'Water', 'value': '-20'}]",1,Kagemaru Himeno,Uncommon,They avoid attacks by sinking into the shadows of thick foliage. They retaliate with masterful whipping techniques.,"{'small': 'https://images.pokemontcg.io/bw1/3.png', 'large': 'https://images.pokemontcg.io/bw1/3_hires.png'}"
ex8-3,Breloom,80,['Fighting'],,"[{'type': 'Psychic', 'value': '×2'}]",,1,Hajime Kusajima,Rare Holo,,"{'small': 'https://images.pokemontcg.io/ex8/3.png', 'large': 'https://images.pokemontcg.io/ex8/3_hires.png'}"
neo3-2,Blissey,120,['Colorless'],"[{'name': 'Softboiled', 'text': 'When you play Blissey from your hand, you may flip a coin. If heads, remove 8 damage counters from Blissey. If tails, remove 4 damage counters from Blissey. Either way, if Blissey has fewer damage counters than that, remove all of them.', 'type': 'Pokémon Power'}]","[{'type': 'Fighting', 'value': '×2'}]","[{'type': 'Psychic', 'value': '-30'}]",2,Yuka Morii,Rare Holo,Anyone who takes even one bite of Blissey's egg becomes unfailingly caring and pleasant to everyone.,"{'small': 'https://images.pokemontcg.io/neo3/2.png', 'large': 'https://images.pokemontcg.io/neo3/2_hires.png'}"
neo4-3,Dark Donphan,60,['Fighting'],,"[{'type': 'Grass', 'value': '×2'}]","[{'type': 'Lightning', 'value': '-30'}]",3,Shin-ichi Yoshida,Rare Holo,"The larger its tusks, the higher its status in the herd.","{'small': 'https://images.pokemontcg.io/neo4/3.png', 'large': 'https://images.pokemontcg.io/neo4/3_hires.png'}"
bw7-3,Vileplume,140,['Grass'],"[{'name': 'Allergy Panic', 'text': ""Apply Weakness for each Pokémon (both yours and your opponent's) as ×4 instead."", 'type': 'Ability'}]","[{'type': 'Fire', 'value': '×2'}]","[{'type': 'Water', 'value': '-20'}]",3,Shin Nagasawa,Rare Holo,"Its petals are the largest in the world. As it walks, it scatters extremely allergenic pollen.","{'small': 'https://images.pokemontcg.io/bw7/3.png', 'large': 'https://images.pokemontcg.io/bw7/3_hires.png'}"
dpp-DP03,Piplup,60,['Water'],,"[{'type': 'Lightning', 'value': '+10'}]",,1,Atsuko Nishida,Promo,"Because it is very proud, it hates accepting food from people. Its thick down guards it from cold.","{'small': 'https://images.pokemontcg.io/dpp/DP03.png', 'large': 'https://images.pokemontcg.io/dpp/DP03_hires.png'}"
sm115-4,Paras,70,['Grass'],,"[{'type': 'Fire', 'value': '×2'}]",,1,OOYAMA,Common,"Whether it's due to a lack of moisture or a lack of nutrients, in Alola the mushrooms on Paras don't grow up quite right.","{'small': 'https://images.pokemontcg.io/sm115/4.png', 'large': 'https://images.pokemontcg.io/sm115/4_hires.png'}"
xy2-5,Seedot,50,['Grass'],,"[{'type': 'Fire', 'value': '×2'}]",,1,Naoyo Kimura,Common,It attaches itself to a tree branch using the top of its head. Strong winds can sometimes make it fall.,"{'small': 'https://images.pokemontcg.io/xy2/5.png', 'large': 'https://images.pokemontcg.io/xy2/5_hires.png'}"
ex14-2,Blastoise δ,110,"['Fighting', 'Metal']","[{'name': 'Shield Veil', 'text': 'Each of your Active Pokémon has no Weakness.', 'type': 'Poké-Body'}]","[{'type': 'Lightning', 'value': '×2'}]",,3,Masakazu Fukuda,Rare Holo,,"{'small': 'https://images.pokemontcg.io/ex14/2.png', 'large': 'https://images.pokemontcg.io/ex14/2_hires.png'}"
det1-5,Charizard,180,['Fire'],,"[{'type': 'Water', 'value': '×2'}]",,3,Framestore,Rare Ultra,"When expelling a blast of superhot fire, the red flame at the tip of its tail burns more intensely.","{'small': 'https://images.pokemontcg.io/det1/5.png', 'large': 'https://images.pokemontcg.io/det1/5_hires.png'}"
pl1-6,Dialga,100,['Metal'],"[{'name': 'Time Aura', 'text': ""As long as Dialga is your Active Pokémon, your opponent can't play any Pokémon from his or her hand to evolve his or her Active Pokémon."", 'type': 'Poké-Body'}]","[{'type': 'Fire', 'value': '+20'}]","[{'type': 'Psychic', 'value': '-20'}]",2,Kouki Saitou,Rare Holo,It has the power to control time. It appears in Sinnoh-region myths as an ancient deity.,"{'small': 'https://images.pokemontcg.io/pl1/6.png', 'large': 'https://images.pokemontcg.io/pl1/6_hires.png'}"
dpp-DP04,Pachirisu,70,['Lightning'],,"[{'type': 'Fighting', 'value': '+20'}]","[{'type': 'Metal', 'value': '-20'}]",1,Atsuko Nishida,Promo,It makes fur balls that crackle with static electricity. It stores them with berries in tree holes.,"{'small': 'https://images.pokemontcg.io/dpp/DP04.png', 'large': 'https://images.pokemontcg.io/dpp/DP04_hires.png'}"
xy5-5,Tangrowth,130,['Grass'],,"[{'type': 'Fire', 'value': '×2'}]",,4,MAHOU,Rare,"Its vines grow so profusely that, in the warm season, you can't even see its eyes.","{'small': 'https://images.pokemontcg.io/xy5/5.png', 'large': 'https://images.pokemontcg.io/xy5/5_hires.png'}"
xy2-6,Nuzleaf,80,['Grass'],,"[{'type': 'Fire', 'value': '×2'}]",,1,Midori Harada,Uncommon,The sound of its grass flute makes its listeners uneasy. It lives deep in forests.,"{'small': 'https://images.pokemontcg.io/xy2/6.png', 'large': 'https://images.pokemontcg.io/xy2/6_hires.png'}"
ex14-3,Camerupt,80,['Fire'],"[{'name': 'Delta Protection', 'text': ""Any damage done to Camerupt by attacks from your opponent's Pokémon that has δ on its card is reduced by 40 (after applying Weakness and Resistance)."", 'type': 'Poké-Body'}]","[{'type': 'Water', 'value': '×2'}]",,2,Mitsuhiro Arita,Rare Holo,,"{'small': 'https://images.pokemontcg.io/ex14/3.png', 'large': 'https://images.pokemontcg.io/ex14/3_hires.png'}"
base5-3,Dark Blastoise,70,['Water'],,"[{'type': 'Lightning', 'value': '×2'}]",,2,Mitsuhiro Arita,Rare Holo,An aggressive Pokémon that tackles anything it sees.,"{'small': 'https://images.pokemontcg.io/base5/3.png', 'large': 'https://images.pokemontcg.io/base5/3_hires.png'}"
neo4-4,Dark Espeon,60,['Psychic'],,"[{'type': 'Psychic', 'value': '×2'}]",,,Atsuko Nishida,Rare Holo,The tips of its split tail quiver whenever it uses its psychic abilities to read its opponent's next move.,"{'small': 'https://images.pokemontcg.io/neo4/4.png', 'large': 'https://images.pokemontcg.io/neo4/4_hires.png'}"
hgss4-6,Nidoking,140,['Fighting'],"[{'name': 'Pheromone Stamina', 'text': 'Nidoking gets +20 HP for each Nidoqueen you have in play.', 'type': 'Poké-Body'}]","[{'type': 'Water', 'value': '×2'}]","[{'type': 'Lightning', 'value': '-20'}]",3,match,Rare Holo,"Its tail is thick and powerful. If it binds an enemy, it can render the victim helpless quite easily.","{'small': 'https://images.pokemontcg.io/hgss4/6.png', 'large': 'https://images.pokemontcg.io/hgss4/6_hires.png'}"
bw8-3,Torterra,150,['Grass'],,"[{'type': 'Fire', 'value': '×2'}]","[{'type': 'Water', 'value': '-20'}]",4,5ban Graphics,Rare,Some Pokémon are born on a Torterra's back and spend their entire life there.,"{'small': 'https://images.pokemontcg.io/bw8/3.png', 'large': 'https://images.pokemontcg.io/bw8/3_hires.png'}"
sm75-3,Charizard,160,['Fire'],"[{'name': 'Resolute Flame', 'text': ""This Pokémon's attacks do 30 more damage to your opponent's Active Pokémon for each of their Pokémon-GX and Pokémon-EX in play."", 'type': 'Ability'}]","[{'type': 'Water', 'value': '×2'}]",,2,Ryota Murayama,Rare Holo,"Its wings can carry this Pokémon close to an altitude of 4,600 feet. It blows out fire at very high temperatures.","{'small': 'https://images.pokemontcg.io/sm75/3.png', 'large': 'https://images.pokemontcg.io/sm75/3_hires.png'}"
xy11-5,Jumpluff,90,['Grass'],,"[{'type': 'Fire', 'value': '×2'}]",,1,Suwama Chiaki,Rare,"Even in the fiercest wind, it can control its fluff to make its way to any place in the world it wants.","{'small': 'https://images.pokemontcg.io/xy11/5.png', 'large': 'https://images.pokemontcg.io/xy11/5_hires.png'}"
det1-6,Arcanine,120,['Fire'],"[{'name': 'Security Guard', 'text': ""As long as this Pokémon is your Active Pokémon, all of your Pokémon take 30 less damage from your opponent's attacks (after applying Weakness and Resistance)."", 'type': 'Ability'}]","[{'type': 'Water', 'value': '×2'}]",,3,MPC Film,Rare,Legends tell of its fighting alongside a general and conquering a whole country.,"{'small': 'https://images.pokemontcg.io/det1/6.png', 'large': 'https://images.pokemontcg.io/det1/6_hires.png'}"
bw9-2,Kakuna,80,['Grass'],,"[{'type': 'Fire', 'value': '×2'}]",,2,match,Uncommon,"While awaiting evolution, it hides from predators under leaves and in nooks of branches.","{'small': 'https://images.pokemontcg.io/bw9/2.png', 'large': 'https://images.pokemontcg.io/bw9/2_hires.png'}"
pop3-4,Minun,50,['Lightning'],,"[{'type': 'Fighting', 'value': '×2'}]","[{'type': 'Metal', 'value': '-30'}]",1,Sumiyoshi Kizuki,Rare,,"{'small': 'https://images.pokemontcg.io/pop3/4.png', 'large': 'https://images.pokemontcg.io/pop3/4_hires.png'}"
bw4-4,Kricketune,90,['Grass'],,"[{'type': 'Fire', 'value': '×2'}]",,1,Naoyo Kimura,Uncommon,There is a village that hosts a contest based on the amazingly variable cries of this Pokémon.,"{'small': 'https://images.pokemontcg.io/bw4/4.png', 'large': 'https://images.pokemontcg.io/bw4/4_hires.png'}"
hgss1-6,Jumpluff,90,['Grass'],,"[{'type': 'Fire', 'value': '×2'}]","[{'type': 'Fighting', 'value': '-20'}]",,sui,Rare Holo,"Once it catches the wind, it deftly controls its cotton-puff spores—it can even float around the world.","{'small': 'https://images.pokemontcg.io/hgss1/6.png', 'large': 'https://images.pokemontcg.io/hgss1/6_hires.png'}"
sm12-4,Vileplume-GX,240,['Grass'],"[{'name': 'Fragrant Flower Garden', 'text': 'Once during your turn (before your attack), you may heal 30 damage from each of your Pokémon.', 'type': 'Ability'}]","[{'type': 'Fire', 'value': '×2'}]",,2,Kagemaru Himeno,Rare Holo GX,,"{'small': 'https://images.pokemontcg.io/sm12/4.png', 'large': 'https://images.pokemontcg.io/sm12/4_hires.png'}"
xy5-6,Treecko,60,['Grass'],,"[{'type': 'Fire', 'value': '×2'}]",,1,Akira Komayama,Common,Small hooks on the bottom of its feet catch on walls and ceilings. That is how it can hang from above.,"{'small': 'https://images.pokemontcg.io/xy5/6.png', 'large': 'https://images.pokemontcg.io/xy5/6_hires.png'}"
gym2-5,Giovanni's Gyarados,90,['Water'],,"[{'type': 'Grass', 'value': '×2'}]","[{'type': 'Fighting', 'value': '-30'}]",3,Ken Sugimori,Rare Holo,,"{'small': 'https://images.pokemontcg.io/gym2/5.png', 'large': 'https://images.pokemontcg.io/gym2/5_hires.png'}"
base4-5,Clefable,70,['Colorless'],,"[{'type': 'Fighting', 'value': '×2'}]","[{'type': 'Psychic', 'value': '-30'}]",2,Mitsuhiro Arita,Rare Holo,A timid Fairy Pokémon that is rarely seen. It will run and hide the moment it senses people.,"{'small': 'https://images.pokemontcg.io/base4/5.png', 'large': 'https://images.pokemontcg.io/base4/5_hires.png'}"